sep=;
T/1;CR/1;CS/3;;;US/1;Cortex/3;;;Thalamus/3;;;Hippocampus.BindDelta/4;;;;Hippocampus.Context/4;;;;V/4;;;;W/3;;;
0;0.00000;0.00000;0.00000;0.00000;0.00000;0.00000;0.00000;0.00000;0.00000;0.00000;0.00000;0.00000;0.00000;0.00000;0.00000;0.00000;0.00000;0.00000;0.00000;0.00000;0.00000;0.00000;0.00000;0.00000;0.00000;0.00000;
1;0.00000;0.00000;0.00000;1.00000;0.00000;0.00000;0.00000;0.00000;0.00000;0.00000;0.00000;0.00000;0.00000;0.00000;0.00000;0.00000;0.00000;0.00000;0.00000;0.00000;0.00000;0.00000;0.00000;0.00000;0.00000;0.00000;
2;0.00000;0.00000;0.00000;0.00000;1.00000;0.00000;0.00000;0.00000;0.00000;0.00000;1.00000;1.00000;0.00000;0.00000;0.00000;1.00000;0.00000;0.00000;0.00000;0.00000;0.00000;0.00000;0.00000;0.00000;0.00000;0.00000;
3;0.00000;0.00000;0.00000;0.00000;0.00000;0.00000;0.00000;1.00000;0.00000;0.00000;0.00000;1.00000;0.00000;0.00000;0.00000;1.00000;0.00000;0.00000;0.00000;0.00000;0.00000;0.00000;0.00000;0.00000;0.00000;0.00000;
4;0.00000;0.00000;0.00000;1.00000;0.00000;0.00000;0.00000;0.00000;0.00000;0.00000;0.00000;1.00000;0.00000;0.00000;0.00000;1.00000;0.00000;0.00000;0.00000;0.00000;0.00000;0.00000;0.00000;0.00000;0.00000;0.00000;
5;0.00000;0.00000;0.00000;0.00000;1.00000;0.00000;0.00000;0.00000;0.00000;0.00000;1.00000;0.00000;0.00000;0.00000;0.00000;1.00000;0.00000;0.00000;0.00000;0.00000;0.00000;0.20000;0.00000;0.00000;0.00000;0.00000;
6;0.00000;0.00000;0.00000;0.00000;0.00000;0.00000;0.00000;1.00000;0.00000;0.00000;0.00000;0.00000;0.00000;0.00000;0.00000;1.00000;0.00000;0.00000;0.00000;0.00000;0.00000;0.20000;0.00000;0.00000;0.00000;0.00000;
7;0.00000;0.00000;0.00000;1.00000;0.00000;0.00000;0.00000;0.00000;0.00000;0.00000;0.00000;0.00000;0.00000;0.00000;0.00000;1.00000;0.00000;0.00000;0.00000;0.00000;0.00000;0.20000;0.00000;0.00000;0.00000;0.00000;
8;0.00000;0.00000;0.00000;0.00000;1.00000;0.00000;0.00000;0.00000;0.00000;0.00000;1.00000;0.00000;0.00000;0.00000;0.00000;1.00000;0.00000;0.00000;0.00000;0.00000;0.00000;0.36000;0.00000;0.00000;0.00000;0.00000;
9;0.20000;0.00000;0.00000;0.00000;0.00000;0.00000;0.00000;1.00000;0.00000;0.00000;0.00000;0.00000;0.00000;0.00000;0.00000;1.00000;0.00000;0.00000;0.00000;0.00000;0.00000;0.36000;0.00000;0.00000;0.00000;0.00000;
10;0.00000;0.00000;0.00000;1.00000;0.00000;0.00000;0.00000;0.00000;0.00000;0.00000;0.00000;0.00000;0.00000;0.00000;0.00000;1.00000;0.00000;0.00000;0.00000;0.00000;0.00000;0.36000;0.00000;0.00000;0.00000;0.00000;
11;0.00000;0.00000;0.00000;0.00000;1.00000;0.00000;0.00000;0.00000;0.00000;0.00000;1.00000;0.00000;0.00000;0.00000;0.00000;1.00000;0.00000;0.00000;0.00000;0.00000;0.00000;0.48800;0.00000;0.00000;0.00000;0.00000;
12;0.36000;0.00000;0.00000;0.00000;0.00000;0.00000;0.00000;1.00000;0.00000;0.00000;0.00000;0.00000;0.00000;0.00000;0.00000;1.00000;0.00000;0.00000;0.00000;0.00000;0.00000;0.48800;0.00000;0.00000;0.00000;0.00000;
13;0.00000;0.00000;0.00000;1.00000;0.00000;0.00000;0.00000;0.00000;0.00000;0.00000;0.00000;0.00000;0.00000;0.00000;0.00000;1.00000;0.00000;0.00000;0.00000;0.00000;0.00000;0.48800;0.00000;0.00000;0.00000;0.00000;
14;0.00000;0.00000;0.00000;0.00000;1.00000;0.00000;0.00000;0.00000;0.00000;0.00000;1.00000;0.00000;0.00000;0.00000;0.00000;1.00000;0.00000;0.00000;0.00000;0.00000;0.00000;0.59040;0.00000;0.00000;0.00000;0.00000;
15;0.48800;0.00000;0.00000;0.00000;0.00000;0.00000;0.00000;1.00000;0.00000;0.00000;0.00000;0.00000;0.00000;0.00000;0.00000;1.00000;0.00000;0.00000;0.00000;0.00000;0.00000;0.59040;0.00000;0.00000;0.00000;0.00000;
16;0.00000;0.00000;0.00000;1.00000;0.00000;0.00000;0.00000;0.00000;0.00000;0.00000;0.00000;0.00000;0.00000;0.00000;0.00000;1.00000;0.00000;0.00000;0.00000;0.00000;0.00000;0.59040;0.00000;0.00000;0.00000;0.00000;
17;0.00000;0.00000;0.00000;0.00000;1.00000;0.00000;0.00000;0.00000;0.00000;0.00000;1.00000;0.00000;0.00000;0.00000;0.00000;1.00000;0.00000;0.00000;0.00000;0.00000;0.00000;0.67232;0.00000;0.00000;0.00000;0.00000;
18;0.59040;0.00000;0.00000;0.00000;0.00000;0.00000;0.00000;1.00000;0.00000;0.00000;0.00000;0.00000;0.00000;0.00000;0.00000;1.00000;0.00000;0.00000;0.00000;0.00000;0.00000;0.67232;0.00000;0.00000;0.00000;0.00000;
19;0.00000;0.00000;0.00000;1.00000;0.00000;0.00000;0.00000;0.00000;0.00000;0.00000;0.00000;0.00000;0.00000;0.00000;0.00000;1.00000;0.00000;0.00000;0.00000;0.00000;0.00000;0.67232;0.00000;0.00000;0.00000;0.00000;
20;0.00000;0.00000;0.00000;0.00000;1.00000;0.00000;0.00000;0.00000;0.00000;0.00000;1.00000;0.00000;0.00000;0.00000;0.00000;1.00000;0.00000;0.00000;0.00000;0.00000;0.00000;0.73786;0.00000;0.00000;0.00000;0.00000;
21;0.67232;0.00000;0.00000;0.00000;0.00000;0.00000;0.00000;1.00000;0.00000;0.00000;0.00000;0.00000;0.00000;0.00000;0.00000;1.00000;0.00000;0.00000;0.00000;0.00000;0.00000;0.73786;0.00000;0.00000;0.00000;0.00000;
22;0.00000;0.00000;0.00000;1.00000;0.00000;0.00000;0.00000;0.00000;0.00000;0.00000;0.00000;0.00000;0.00000;0.00000;0.00000;1.00000;0.00000;0.00000;0.00000;0.00000;0.00000;0.73786;0.00000;0.00000;0.00000;0.00000;
23;0.00000;0.00000;0.00000;0.00000;1.00000;0.00000;0.00000;0.00000;0.00000;0.00000;1.00000;0.00000;0.00000;0.00000;0.00000;1.00000;0.00000;0.00000;0.00000;0.00000;0.00000;0.79028;0.00000;0.00000;0.00000;0.00000;
24;0.73786;0.00000;0.00000;0.00000;0.00000;0.00000;0.00000;1.00000;0.00000;0.00000;0.00000;0.00000;0.00000;0.00000;0.00000;1.00000;0.00000;0.00000;0.00000;0.00000;0.00000;0.79028;0.00000;0.00000;0.00000;0.00000;
25;0.00000;0.00000;0.00000;1.00000;0.00000;0.00000;0.00000;0.00000;0.00000;0.00000;0.00000;0.00000;0.00000;0.00000;0.00000;1.00000;0.00000;0.00000;0.00000;0.00000;0.00000;0.79028;0.00000;0.00000;0.00000;0.00000;
26;0.00000;0.00000;0.00000;0.00000;1.00000;0.00000;0.00000;0.00000;0.00000;0.00000;1.00000;0.00000;0.00000;0.00000;0.00000;1.00000;0.00000;0.00000;0.00000;0.00000;0.00000;0.83223;0.00000;0.00000;0.00000;0.00000;
27;0.79028;0.00000;0.00000;0.00000;0.00000;0.00000;0.00000;1.00000;0.00000;0.00000;0.00000;0.00000;0.00000;0.00000;0.00000;1.00000;0.00000;0.00000;0.00000;0.00000;0.00000;0.83223;0.00000;0.00000;0.00000;0.00000;
28;0.00000;0.00000;0.00000;1.00000;0.00000;0.00000;0.00000;0.00000;0.00000;0.00000;0.00000;0.00000;0.00000;0.00000;0.00000;1.00000;0.00000;0.00000;0.00000;0.00000;0.00000;0.83223;0.00000;0.00000;0.00000;0.00000;
29;0.00000;0.00000;0.00000;0.00000;1.00000;0.00000;0.00000;0.00000;0.00000;0.00000;1.00000;0.00000;0.00000;0.00000;0.00000;1.00000;0.00000;0.00000;0.00000;0.00000;0.00000;0.86578;0.00000;0.00000;0.00000;0.00000;
30;0.83223;0.00000;0.00000;0.00000;0.00000;0.00000;0.00000;1.00000;0.00000;0.00000;0.00000;0.00000;0.00000;0.00000;0.00000;1.00000;0.00000;0.00000;0.00000;0.00000;0.00000;0.86578;0.00000;0.00000;0.00000;0.00000;
31;0.00000;0.00000;0.00000;1.00000;0.00000;0.00000;0.00000;0.00000;0.00000;0.00000;0.00000;0.00000;0.00000;0.00000;0.00000;1.00000;0.00000;0.00000;0.00000;0.00000;0.00000;0.86578;0.00000;0.00000;0.00000;0.00000;
32;0.00000;0.00000;0.00000;0.00000;1.00000;0.00000;0.00000;0.00000;0.00000;0.00000;1.00000;0.00000;0.00000;0.00000;0.00000;1.00000;0.00000;0.00000;0.00000;0.00000;0.00000;0.89263;0.00000;0.00000;0.00000;0.00000;
33;0.86578;0.00000;0.00000;0.00000;0.00000;0.00000;0.00000;1.00000;0.00000;0.00000;0.00000;0.00000;0.00000;0.00000;0.00000;1.00000;0.00000;0.00000;0.00000;0.00000;0.00000;0.89263;0.00000;0.00000;0.00000;0.00000;
34;0.00000;0.00000;0.00000;1.00000;0.00000;0.00000;0.00000;0.00000;0.00000;0.00000;0.00000;0.00000;0.00000;0.00000;0.00000;1.00000;0.00000;0.00000;0.00000;0.00000;0.00000;0.89263;0.00000;0.00000;0.00000;0.00000;
35;0.00000;0.00000;0.00000;0.00000;1.00000;0.00000;0.00000;0.00000;0.00000;0.00000;1.00000;0.00000;0.00000;0.00000;0.00000;1.00000;0.00000;0.00000;0.00000;0.00000;0.00000;0.91410;0.00000;0.00000;0.00000;0.00000;
36;0.89263;0.00000;0.00000;0.00000;0.00000;0.00000;0.00000;1.00000;0.00000;0.00000;0.00000;0.00000;0.00000;0.00000;0.00000;1.00000;0.00000;0.00000;0.00000;0.00000;0.00000;0.91410;0.00000;0.00000;0.00000;0.00000;
37;0.00000;0.00000;0.00000;1.00000;0.00000;0.00000;0.00000;0.00000;0.00000;0.00000;0.00000;0.00000;0.00000;0.00000;0.00000;1.00000;0.00000;0.00000;0.00000;0.00000;0.00000;0.91410;0.00000;0.00000;0.00000;0.00000;
38;0.00000;0.00000;0.00000;0.00000;1.00000;0.00000;0.00000;0.00000;0.00000;0.00000;1.00000;0.00000;0.00000;0.00000;0.00000;1.00000;0.00000;0.00000;0.00000;0.00000;0.00000;0.93128;0.00000;0.00000;0.00000;0.00000;
39;0.91410;0.00000;0.00000;0.00000;0.00000;0.00000;0.00000;1.00000;0.00000;0.00000;0.00000;0.00000;0.00000;0.00000;0.00000;1.00000;0.00000;0.00000;0.00000;0.00000;0.00000;0.93128;0.00000;0.00000;0.00000;0.00000;
40;0.00000;0.00000;0.00000;1.00000;0.00000;0.00000;0.00000;0.00000;0.00000;0.00000;0.00000;0.00000;0.00000;0.00000;0.00000;1.00000;0.00000;0.00000;0.00000;0.00000;0.00000;0.93128;0.00000;0.00000;0.00000;0.00000;
41;0.00000;0.00000;0.00000;0.00000;1.00000;0.00000;0.00000;0.00000;0.00000;0.00000;1.00000;0.00000;0.00000;0.00000;0.00000;1.00000;0.00000;0.00000;0.00000;0.00000;0.00000;0.94502;0.00000;0.00000;0.00000;0.00000;
42;0.93128;0.00000;0.00000;0.00000;0.00000;0.00000;0.00000;1.00000;0.00000;0.00000;0.00000;0.00000;0.00000;0.00000;0.00000;1.00000;0.00000;0.00000;0.00000;0.00000;0.00000;0.94502;0.00000;0.00000;0.00000;0.00000;
43;0.00000;0.00000;0.00000;1.00000;0.00000;0.00000;0.00000;0.00000;0.00000;0.00000;0.00000;0.00000;0.00000;0.00000;0.00000;1.00000;0.00000;0.00000;0.00000;0.00000;0.00000;0.94502;0.00000;0.00000;0.00000;0.00000;
44;0.00000;0.00000;0.00000;0.00000;1.00000;0.00000;0.00000;0.00000;0.00000;0.00000;1.00000;0.00000;0.00000;0.00000;0.00000;1.00000;0.00000;0.00000;0.00000;0.00000;0.00000;0.95602;0.00000;0.00000;0.00000;0.00000;
45;0.94502;0.00000;0.00000;0.00000;0.00000;0.00000;0.00000;1.00000;0.00000;0.00000;0.00000;0.00000;0.00000;0.00000;0.00000;1.00000;0.00000;0.00000;0.00000;0.00000;0.00000;0.95602;0.00000;0.00000;0.00000;0.00000;
46;0.00000;1.00000;0.00000;0.00000;0.00000;0.00000;0.00000;0.00000;0.00000;0.00000;0.00000;0.00000;0.00000;0.00000;0.00000;1.00000;0.00000;0.00000;0.00000;0.00000;0.00000;0.95602;0.00000;0.00000;0.00000;0.00000;
47;0.00000;0.00000;0.00000;0.00000;1.00000;0.00000;0.00000;0.00000;1.00000;0.00000;0.00000;0.00000;1.00000;0.00000;0.00000;1.00000;0.00000;0.00000;0.00000;0.00000;0.00000;0.96482;0.00000;0.00000;0.00000;0.00000;
48;0.95602;0.00000;0.00000;0.00000;0.00000;1.00000;0.00000;0.00000;0.00000;0.00000;0.00000;0.00000;1.00000;0.00000;0.00000;1.00000;0.00000;0.00000;0.00000;0.00000;0.00000;0.96482;0.00000;0.00000;0.00000;0.00000;
49;0.00000;1.00000;1.00000;0.00000;0.00000;0.00000;0.00000;0.00000;0.00000;0.00000;0.00000;0.00000;1.00000;0.00000;0.00000;1.00000;0.00000;0.00000;0.00000;0.00000;0.00000;0.96482;0.00000;0.00000;0.00000;0.00000;
50;0.00000;0.00000;0.00000;0.00000;0.00000;0.00000;0.00000;0.00000;1.00000;1.00000;0.00000;0.00000;0.00000;1.00000;0.00000;1.00000;0.00000;0.00000;0.00000;0.20000;0.00000;0.96482;0.00000;0.00000;0.00000;0.00000;
51;0.00000;1.00000;0.00000;0.00000;0.00000;1.00000;1.00000;0.00000;0.00000;0.00000;0.00000;0.00000;0.00000;1.00000;0.00000;1.00000;0.00000;0.00000;0.00000;0.20000;0.00000;0.96482;0.00000;0.00000;0.00000;0.00000;
52;0.00000;0.00000;0.00000;0.00000;1.00000;0.00000;0.00000;0.00000;1.00000;0.00000;0.00000;0.00000;0.00000;0.00000;1.00000;0.00000;1.00000;0.00000;0.00000;0.20000;0.00000;0.96482;0.00000;0.00000;0.00000;0.00000;
53;0.00000;0.00000;0.00000;0.00000;0.00000;1.00000;0.00000;0.00000;0.00000;0.00000;0.00000;0.00000;0.00000;0.00000;1.00000;0.00000;1.00000;0.00000;0.00000;0.20000;0.00000;0.96482;0.00000;0.04000;0.04000;0.00000;
54;0.20000;1.00000;1.00000;0.00000;0.00000;0.00000;0.00000;0.00000;0.00000;0.00000;0.00000;0.00000;0.00000;0.00000;1.00000;0.00000;1.00000;0.00000;0.00000;0.20000;0.00000;0.96482;0.00000;0.04000;0.04000;0.00000;
55;0.00000;0.00000;0.00000;0.00000;0.00000;0.00000;0.00000;0.00000;1.00000;1.00000;0.00000;0.00000;0.00000;1.00000;0.00000;0.00000;1.00000;0.00000;0.00000;0.36000;0.00000;0.96482;0.00000;0.03200;0.04000;0.00000;
56;0.16000;1.00000;0.00000;0.00000;0.00000;1.00000;1.00000;0.00000;0.00000;0.00000;0.00000;0.00000;0.00000;1.00000;0.00000;0.00000;1.00000;0.00000;0.00000;0.36000;0.00000;0.96482;0.00000;0.03200;0.04000;0.00000;
57;0.00000;0.00000;0.00000;0.00000;1.00000;0.00000;0.00000;0.00000;1.00000;0.00000;0.00000;0.00000;0.00000;0.00000;0.00000;0.00000;1.00000;0.00000;0.00000;0.36000;0.00000;0.96482;0.00000;0.03200;0.04000;0.00000;
58;0.00000;0.00000;0.00000;0.00000;0.00000;1.00000;0.00000;0.00000;0.00000;0.00000;0.00000;0.00000;0.00000;0.00000;0.00000;0.00000;1.00000;0.00000;0.00000;0.36000;0.00000;0.96482;0.00000;0.08960;0.09760;0.00000;
59;0.28800;1.00000;1.00000;0.00000;0.00000;0.00000;0.00000;0.00000;0.00000;0.00000;0.00000;0.00000;0.00000;0.00000;0.00000;0.00000;1.00000;0.00000;0.00000;0.36000;0.00000;0.96482;0.00000;0.08960;0.09760;0.00000;
60;0.00000;0.00000;0.00000;0.00000;0.00000;0.00000;0.00000;0.00000;1.00000;1.00000;0.00000;0.00000;0.00000;1.00000;0.00000;0.00000;1.00000;0.00000;0.00000;0.48800;0.00000;0.96482;0.00000;0.07168;0.09760;0.00000;
61;0.27040;1.00000;0.00000;0.00000;0.00000;1.00000;1.00000;0.00000;0.00000;0.00000;0.00000;0.00000;0.00000;1.00000;0.00000;0.00000;1.00000;0.00000;0.00000;0.48800;0.00000;0.96482;0.00000;0.07168;0.09760;0.00000;
62;0.00000;0.00000;0.00000;0.00000;1.00000;0.00000;0.00000;0.00000;1.00000;0.00000;0.00000;0.00000;0.00000;0.00000;0.00000;0.00000;1.00000;0.00000;0.00000;0.48800;0.00000;0.96482;0.00000;0.07168;0.09760;0.00000;
63;0.00000;0.00000;0.00000;0.00000;0.00000;1.00000;0.00000;0.00000;0.00000;0.00000;0.00000;0.00000;0.00000;0.00000;0.00000;0.00000;1.00000;0.00000;0.00000;0.48800;0.00000;0.96482;0.00000;0.13542;0.16134;0.00000;
64;0.31872;1.00000;1.00000;0.00000;0.00000;0.00000;0.00000;0.00000;0.00000;0.00000;0.00000;0.00000;0.00000;0.00000;0.00000;0.00000;1.00000;0.00000;0.00000;0.48800;0.00000;0.96482;0.00000;0.13542;0.16134;0.00000;
65;0.00000;0.00000;0.00000;0.00000;0.00000;0.00000;0.00000;0.00000;1.00000;1.00000;0.00000;0.00000;0.00000;1.00000;0.00000;0.00000;1.00000;0.00000;0.00000;0.59040;0.00000;0.96482;0.00000;0.10834;0.16134;0.00000;
66;0.35258;1.00000;0.00000;0.00000;0.00000;1.00000;1.00000;0.00000;0.00000;0.00000;0.00000;0.00000;0.00000;1.00000;0.00000;0.00000;1.00000;0.00000;0.00000;0.59040;0.00000;0.96482;0.00000;0.10834;0.16134;0.00000;
67;0.00000;0.00000;0.00000;0.00000;1.00000;0.00000;0.00000;0.00000;1.00000;0.00000;0.00000;0.00000;0.00000;0.00000;0.00000;0.00000;1.00000;0.00000;0.00000;0.59040;0.00000;0.96482;0.00000;0.10834;0.16134;0.00000;
68;0.00000;0.00000;0.00000;0.00000;0.00000;1.00000;0.00000;0.00000;0.00000;0.00000;0.00000;0.00000;0.00000;0.00000;0.00000;0.00000;1.00000;0.00000;0.00000;0.59040;0.00000;0.96482;0.00000;0.17248;0.22549;0.00000;
69;0.32072;1.00000;1.00000;0.00000;0.00000;0.00000;0.00000;0.00000;0.00000;0.00000;0.00000;0.00000;0.00000;0.00000;0.00000;0.00000;1.00000;0.00000;0.00000;0.59040;0.00000;0.96482;0.00000;0.17248;0.22549;0.00000;
70;0.00000;0.00000;0.00000;0.00000;0.00000;0.00000;0.00000;0.00000;1.00000;1.00000;0.00000;0.00000;0.00000;1.00000;0.00000;0.00000;1.00000;0.00000;0.00000;0.67232;0.00000;0.96482;0.00000;0.13799;0.22549;0.00000;
71;0.41792;1.00000;0.00000;0.00000;0.00000;1.00000;1.00000;0.00000;0.00000;0.00000;0.00000;0.00000;0.00000;1.00000;0.00000;0.00000;1.00000;0.00000;0.00000;0.67232;0.00000;0.96482;0.00000;0.13799;0.22549;0.00000;
72;0.00000;0.00000;0.00000;0.00000;1.00000;0.00000;0.00000;0.00000;1.00000;0.00000;0.00000;0.00000;0.00000;0.00000;0.00000;0.00000;1.00000;0.00000;0.00000;0.67232;0.00000;0.96482;0.00000;0.13799;0.22549;0.00000;
73;0.00000;0.00000;0.00000;0.00000;0.00000;1.00000;0.00000;0.00000;0.00000;0.00000;0.00000;0.00000;0.00000;0.00000;0.00000;0.00000;1.00000;0.00000;0.00000;0.67232;0.00000;0.96482;0.00000;0.19976;0.28726;0.00000;
74;0.30885;1.00000;1.00000;0.00000;0.00000;0.00000;0.00000;0.00000;0.00000;0.00000;0.00000;0.00000;0.00000;0.00000;0.00000;0.00000;1.00000;0.00000;0.00000;0.67232;0.00000;0.96482;0.00000;0.19976;0.28726;0.00000;
75;0.00000;0.00000;0.00000;0.00000;0.00000;0.00000;0.00000;0.00000;1.00000;1.00000;0.00000;0.00000;0.00000;1.00000;0.00000;0.00000;1.00000;0.00000;0.00000;0.73786;0.00000;0.96482;0.00000;0.15980;0.28726;0.00000;
76;0.47256;1.00000;0.00000;0.00000;0.00000;1.00000;1.00000;0.00000;0.00000;0.00000;0.00000;0.00000;0.00000;1.00000;0.00000;0.00000;1.00000;0.00000;0.00000;0.73786;0.00000;0.96482;0.00000;0.15980;0.28726;0.00000;
77;0.00000;0.00000;0.00000;0.00000;1.00000;0.00000;0.00000;0.00000;1.00000;0.00000;0.00000;0.00000;0.00000;0.00000;0.00000;0.00000;1.00000;0.00000;0.00000;0.73786;0.00000;0.96482;0.00000;0.15980;0.28726;0.00000;
78;0.00000;0.00000;0.00000;0.00000;0.00000;1.00000;0.00000;0.00000;0.00000;0.00000;0.00000;0.00000;0.00000;0.00000;0.00000;0.00000;1.00000;0.00000;0.00000;0.73786;0.00000;0.96482;0.00000;0.21796;0.34542;0.00000;
79;0.29080;1.00000;1.00000;0.00000;0.00000;0.00000;0.00000;0.00000;0.00000;0.00000;0.00000;0.00000;0.00000;0.00000;0.00000;0.00000;1.00000;0.00000;0.00000;0.73786;0.00000;0.96482;0.00000;0.21796;0.34542;0.00000;
80;0.00000;0.00000;0.00000;0.00000;0.00000;0.00000;0.00000;0.00000;1.00000;1.00000;0.00000;0.00000;0.00000;1.00000;0.00000;0.00000;1.00000;0.00000;0.00000;0.79028;0.00000;0.96482;0.00000;0.17437;0.34542;0.00000;
81;0.51989;1.00000;0.00000;0.00000;0.00000;1.00000;1.00000;0.00000;0.00000;0.00000;0.00000;0.00000;0.00000;1.00000;0.00000;0.00000;1.00000;0.00000;0.00000;0.79028;0.00000;0.96482;0.00000;0.17437;0.34542;0.00000;
82;0.00000;0.00000;0.00000;0.00000;1.00000;0.00000;0.00000;0.00000;1.00000;0.00000;0.00000;0.00000;0.00000;0.00000;0.00000;0.00000;1.00000;0.00000;0.00000;0.79028;0.00000;0.96482;0.00000;0.17437;0.34542;0.00000;
83;0.00000;0.00000;0.00000;0.00000;0.00000;1.00000;0.00000;0.00000;0.00000;0.00000;0.00000;0.00000;0.00000;0.00000;0.00000;0.00000;1.00000;0.00000;0.00000;0.79028;0.00000;0.96482;0.00000;0.22847;0.39952;0.00000;
84;0.27050;1.00000;1.00000;0.00000;0.00000;0.00000;0.00000;0.00000;0.00000;0.00000;0.00000;0.00000;0.00000;0.00000;0.00000;0.00000;1.00000;0.00000;0.00000;0.79028;0.00000;0.96482;0.00000;0.22847;0.39952;0.00000;
85;0.00000;0.00000;0.00000;0.00000;0.00000;0.00000;0.00000;0.00000;1.00000;1.00000;0.00000;0.00000;0.00000;1.00000;0.00000;0.00000;1.00000;0.00000;0.00000;0.83223;0.00000;0.96482;0.00000;0.18278;0.39952;0.00000;
86;0.56181;1.00000;0.00000;0.00000;0.00000;1.00000;1.00000;0.00000;0.00000;0.00000;0.00000;0.00000;0.00000;1.00000;0.00000;0.00000;1.00000;0.00000;0.00000;0.83223;0.00000;0.96482;0.00000;0.18278;0.39952;0.00000;
87;0.00000;0.00000;0.00000;0.00000;1.00000;0.00000;0.00000;0.00000;1.00000;0.00000;0.00000;0.00000;0.00000;0.00000;0.00000;0.00000;1.00000;0.00000;0.00000;0.83223;0.00000;0.96482;0.00000;0.18278;0.39952;0.00000;
88;0.00000;0.00000;0.00000;0.00000;0.00000;1.00000;0.00000;0.00000;0.00000;0.00000;0.00000;0.00000;0.00000;0.00000;0.00000;0.00000;1.00000;0.00000;0.00000;0.83223;0.00000;0.96482;0.00000;0.23276;0.44950;0.00000;
89;0.24994;1.00000;1.00000;0.00000;0.00000;0.00000;0.00000;0.00000;0.00000;0.00000;0.00000;0.00000;0.00000;0.00000;0.00000;0.00000;1.00000;0.00000;0.00000;0.83223;0.00000;0.96482;0.00000;0.23276;0.44950;0.00000;
90;0.00000;0.00000;0.00000;0.00000;0.00000;0.00000;0.00000;0.00000;1.00000;1.00000;0.00000;0.00000;0.00000;1.00000;0.00000;0.00000;1.00000;0.00000;0.00000;0.86578;0.00000;0.96482;0.00000;0.18621;0.44950;0.00000;
91;0.59946;1.00000;0.00000;0.00000;0.00000;1.00000;1.00000;0.00000;0.00000;0.00000;0.00000;0.00000;0.00000;1.00000;0.00000;0.00000;1.00000;0.00000;0.00000;0.86578;0.00000;0.96482;0.00000;0.18621;0.44950;0.00000;
92;0.00000;0.00000;0.00000;0.00000;1.00000;0.00000;0.00000;0.00000;1.00000;0.00000;0.00000;0.00000;0.00000;0.00000;0.00000;0.00000;1.00000;0.00000;0.00000;0.86578;0.00000;0.96482;0.00000;0.18621;0.44950;0.00000;
93;0.00000;0.00000;0.00000;0.00000;0.00000;1.00000;0.00000;0.00000;0.00000;0.00000;0.00000;0.00000;0.00000;0.00000;0.00000;0.00000;1.00000;0.00000;0.00000;0.86578;0.00000;0.96482;0.00000;0.23222;0.49552;0.00000;
94;0.23007;1.00000;1.00000;0.00000;0.00000;0.00000;0.00000;0.00000;0.00000;0.00000;0.00000;0.00000;0.00000;0.00000;0.00000;0.00000;1.00000;0.00000;0.00000;0.86578;0.00000;0.96482;0.00000;0.23222;0.49552;0.00000;
95;0.00000;0.00000;0.00000;0.00000;0.00000;0.00000;0.00000;0.00000;1.00000;1.00000;0.00000;0.00000;0.00000;1.00000;0.00000;0.00000;1.00000;0.00000;0.00000;0.89263;0.00000;0.96482;0.00000;0.18578;0.49552;0.00000;
96;0.63356;1.00000;0.00000;0.00000;0.00000;1.00000;1.00000;0.00000;0.00000;0.00000;0.00000;0.00000;0.00000;1.00000;0.00000;0.00000;1.00000;0.00000;0.00000;0.89263;0.00000;0.96482;0.00000;0.18578;0.49552;0.00000;
97;0.00000;0.00000;0.00000;0.00000;1.00000;0.00000;0.00000;0.00000;1.00000;0.00000;0.00000;0.00000;0.00000;0.00000;0.00000;0.00000;1.00000;0.00000;0.00000;0.89263;0.00000;0.96482;0.00000;0.18578;0.49552;0.00000;
98;0.00000;0.00000;0.00000;0.00000;0.00000;1.00000;0.00000;0.00000;0.00000;0.00000;0.00000;0.00000;0.00000;0.00000;0.00000;0.00000;1.00000;0.00000;0.00000;0.89263;0.00000;0.96482;0.00000;0.22805;0.53778;0.00000;
99;0.21133;1.00000;1.00000;0.00000;0.00000;0.00000;0.00000;0.00000;0.00000;0.00000;0.00000;0.00000;0.00000;0.00000;0.00000;0.00000;1.00000;0.00000;0.00000;0.89263;0.00000;0.96482;0.00000;0.22805;0.53778;0.00000;
100;0.00000;0.00000;0.00000;0.00000;0.00000;0.00000;0.00000;0.00000;1.00000;1.00000;0.00000;0.00000;0.00000;1.00000;0.00000;0.00000;1.00000;0.00000;0.00000;0.91410;0.00000;0.96482;0.00000;0.18244;0.53778;0.00000;
101;0.66458;1.00000;0.00000;0.00000;0.00000;1.00000;1.00000;0.00000;0.00000;0.00000;0.00000;0.00000;0.00000;1.00000;0.00000;0.00000;1.00000;0.00000;0.00000;0.91410;0.00000;0.96482;0.00000;0.18244;0.53778;0.00000;
102;0.00000;0.00000;0.00000;0.00000;1.00000;0.00000;0.00000;0.00000;1.00000;0.00000;0.00000;0.00000;0.00000;0.00000;0.00000;0.00000;1.00000;0.00000;0.00000;0.91410;0.00000;0.96482;0.00000;0.18244;0.53778;0.00000;
103;0.00000;0.00000;0.00000;0.00000;0.00000;1.00000;0.00000;0.00000;0.00000;0.00000;0.00000;0.00000;0.00000;0.00000;0.00000;0.00000;1.00000;0.00000;0.00000;0.91410;0.00000;0.96482;0.00000;0.22121;0.57656;0.00000;
104;0.19388;1.00000;1.00000;0.00000;0.00000;0.00000;0.00000;0.00000;0.00000;0.00000;0.00000;0.00000;0.00000;0.00000;0.00000;0.00000;1.00000;0.00000;0.00000;0.91410;0.00000;0.96482;0.00000;0.22121;0.57656;0.00000;
105;0.00000;0.00000;0.00000;0.00000;0.00000;0.00000;0.00000;0.00000;1.00000;1.00000;0.00000;0.00000;0.00000;1.00000;0.00000;0.00000;1.00000;0.00000;0.00000;0.93128;0.00000;0.96482;0.00000;0.17697;0.57656;0.00000;
106;0.69289;1.00000;0.00000;0.00000;0.00000;1.00000;1.00000;0.00000;0.00000;0.00000;0.00000;0.00000;0.00000;1.00000;0.00000;0.00000;1.00000;0.00000;0.00000;0.93128;0.00000;0.96482;0.00000;0.17697;0.57656;0.00000;
107;0.00000;0.00000;0.00000;0.00000;1.00000;0.00000;0.00000;0.00000;1.00000;0.00000;0.00000;0.00000;0.00000;0.00000;0.00000;0.00000;1.00000;0.00000;0.00000;0.93128;0.00000;0.96482;0.00000;0.17697;0.57656;0.00000;
108;0.00000;0.00000;0.00000;0.00000;0.00000;1.00000;0.00000;0.00000;0.00000;0.00000;0.00000;0.00000;0.00000;0.00000;0.00000;0.00000;1.00000;0.00000;0.00000;0.93128;0.00000;0.96482;0.00000;0.21252;0.61211;0.00000;
109;0.17775;1.00000;1.00000;0.00000;0.00000;0.00000;0.00000;0.00000;0.00000;0.00000;0.00000;0.00000;0.00000;0.00000;0.00000;0.00000;1.00000;0.00000;0.00000;0.93128;0.00000;0.96482;0.00000;0.21252;0.61211;0.00000;
110;0.00000;0.00000;0.00000;0.00000;0.00000;0.00000;0.00000;0.00000;1.00000;1.00000;0.00000;0.00000;0.00000;1.00000;0.00000;0.00000;1.00000;0.00000;0.00000;0.94502;0.00000;0.96482;0.00000;0.17002;0.61211;0.00000;
111;0.71876;1.00000;0.00000;0.00000;0.00000;1.00000;1.00000;0.00000;0.00000;0.00000;0.00000;0.00000;0.00000;1.00000;0.00000;0.00000;1.00000;0.00000;0.00000;0.94502;0.00000;0.96482;0.00000;0.17002;0.61211;0.00000;
112;0.00000;0.00000;0.00000;0.00000;1.00000;0.00000;0.00000;0.00000;1.00000;0.00000;0.00000;0.00000;0.00000;0.00000;0.00000;0.00000;1.00000;0.00000;0.00000;0.94502;0.00000;0.96482;0.00000;0.17002;0.61211;0.00000;
113;0.00000;0.00000;0.00000;0.00000;0.00000;1.00000;0.00000;0.00000;0.00000;0.00000;0.00000;0.00000;0.00000;0.00000;0.00000;0.00000;1.00000;0.00000;0.00000;0.94502;0.00000;0.96482;0.00000;0.20260;0.64469;0.00000;
114;0.16290;1.00000;1.00000;0.00000;0.00000;0.00000;0.00000;0.00000;0.00000;0.00000;0.00000;0.00000;0.00000;0.00000;0.00000;0.00000;1.00000;0.00000;0.00000;0.94502;0.00000;0.96482;0.00000;0.20260;0.64469;0.00000;
115;0.00000;0.00000;0.00000;0.00000;0.00000;0.00000;0.00000;0.00000;1.00000;1.00000;0.00000;0.00000;0.00000;1.00000;0.00000;0.00000;1.00000;0.00000;0.00000;0.95602;0.00000;0.96482;0.00000;0.16208;0.64469;0.00000;
116;0.74243;1.00000;0.00000;0.00000;0.00000;1.00000;1.00000;0.00000;0.00000;0.00000;0.00000;0.00000;0.00000;1.00000;0.00000;0.00000;1.00000;0.00000;0.00000;0.95602;0.00000;0.96482;0.00000;0.16208;0.64469;0.00000;
117;0.00000;0.00000;0.00000;0.00000;1.00000;0.00000;0.00000;0.00000;1.00000;0.00000;0.00000;0.00000;0.00000;0.00000;0.00000;0.00000;1.00000;0.00000;0.00000;0.95602;0.00000;0.96482;0.00000;0.16208;0.64469;0.00000;
118;0.00000;0.00000;0.00000;0.00000;0.00000;1.00000;0.00000;0.00000;0.00000;0.00000;0.00000;0.00000;0.00000;0.00000;0.00000;0.00000;1.00000;0.00000;0.00000;0.95602;0.00000;0.96482;0.00000;0.19193;0.67454;0.00000;
119;0.14925;1.00000;1.00000;0.00000;0.00000;0.00000;0.00000;0.00000;0.00000;0.00000;0.00000;0.00000;0.00000;0.00000;0.00000;0.00000;1.00000;0.00000;0.00000;0.95602;0.00000;0.96482;0.00000;0.19193;0.67454;0.00000;
120;0.00000;0.00000;0.00000;0.00000;0.00000;0.00000;0.00000;0.00000;1.00000;1.00000;0.00000;0.00000;0.00000;1.00000;0.00000;0.00000;1.00000;0.00000;0.00000;0.96482;0.00000;0.96482;0.00000;0.15354;0.67454;0.00000;
121;0.76409;1.00000;0.00000;0.00000;0.00000;1.00000;1.00000;0.00000;0.00000;0.00000;0.00000;0.00000;0.00000;1.00000;0.00000;0.00000;1.00000;0.00000;0.00000;0.96482;0.00000;0.96482;0.00000;0.15354;0.67454;0.00000;
122;0.00000;0.00000;0.00000;0.00000;1.00000;0.00000;0.00000;0.00000;1.00000;0.00000;0.00000;0.00000;0.00000;0.00000;0.00000;0.00000;1.00000;0.00000;0.00000;0.96482;0.00000;0.96482;0.00000;0.15354;0.67454;0.00000;
123;0.00000;0.00000;0.00000;0.00000;0.00000;1.00000;0.00000;0.00000;0.00000;0.00000;0.00000;0.00000;0.00000;0.00000;0.00000;0.00000;1.00000;0.00000;0.00000;0.96482;0.00000;0.96482;0.00000;0.18089;0.70189;0.00000;
124;0.13673;1.00000;1.00000;0.00000;0.00000;0.00000;0.00000;0.00000;0.00000;0.00000;0.00000;0.00000;0.00000;0.00000;0.00000;0.00000;1.00000;0.00000;0.00000;0.96482;0.00000;0.96482;0.00000;0.18089;0.70189;0.00000;
125;0.00000;0.00000;0.00000;0.00000;0.00000;0.00000;0.00000;0.00000;1.00000;1.00000;0.00000;0.00000;0.00000;1.00000;0.00000;0.00000;1.00000;0.00000;0.00000;0.97185;0.00000;0.96482;0.00000;0.14471;0.70189;0.00000;
126;0.78393;1.00000;0.00000;0.00000;0.00000;1.00000;1.00000;0.00000;0.00000;0.00000;0.00000;0.00000;0.00000;1.00000;0.00000;0.00000;1.00000;0.00000;0.00000;0.97185;0.00000;0.96482;0.00000;0.14471;0.70189;0.00000;
127;0.00000;0.00000;0.00000;0.00000;1.00000;0.00000;0.00000;0.00000;1.00000;0.00000;0.00000;0.00000;0.00000;0.00000;0.00000;0.00000;1.00000;0.00000;0.00000;0.97185;0.00000;0.96482;0.00000;0.14471;0.70189;0.00000;
128;0.00000;0.00000;0.00000;0.00000;0.00000;1.00000;0.00000;0.00000;0.00000;0.00000;0.00000;0.00000;0.00000;0.00000;0.00000;0.00000;1.00000;0.00000;0.00000;0.97185;0.00000;0.96482;0.00000;0.16976;0.72694;0.00000;
129;0.12526;1.00000;1.00000;0.00000;0.00000;0.00000;0.00000;0.00000;0.00000;0.00000;0.00000;0.00000;0.00000;0.00000;0.00000;0.00000;1.00000;0.00000;0.00000;0.97185;0.00000;0.96482;0.00000;0.16976;0.72694;0.00000;
130;0.00000;0.00000;0.00000;0.00000;0.00000;0.00000;0.00000;0.00000;1.00000;1.00000;0.00000;0.00000;0.00000;1.00000;0.00000;0.00000;1.00000;0.00000;0.00000;0.97748;0.00000;0.96482;0.00000;0.13581;0.72694;0.00000;
131;0.80209;1.00000;0.00000;0.00000;0.00000;1.00000;1.00000;0.00000;0.00000;0.00000;0.00000;0.00000;0.00000;1.00000;0.00000;0.00000;1.00000;0.00000;0.00000;0.97748;0.00000;0.96482;0.00000;0.13581;0.72694;0.00000;
132;0.00000;0.00000;0.00000;0.00000;1.00000;0.00000;0.00000;0.00000;1.00000;0.00000;0.00000;0.00000;0.00000;0.00000;0.00000;0.00000;1.00000;0.00000;0.00000;0.97748;0.00000;0.96482;0.00000;0.13581;0.72694;0.00000;
133;0.00000;0.00000;0.00000;0.00000;0.00000;1.00000;0.00000;0.00000;0.00000;0.00000;0.00000;0.00000;0.00000;0.00000;0.00000;0.00000;1.00000;0.00000;0.00000;0.97748;0.00000;0.96482;0.00000;0.15876;0.74988;0.00000;
134;0.11473;1.00000;1.00000;0.00000;0.00000;0.00000;0.00000;0.00000;0.00000;0.00000;0.00000;0.00000;0.00000;0.00000;0.00000;0.00000;1.00000;0.00000;0.00000;0.97748;0.00000;0.96482;0.00000;0.15876;0.74988;0.00000;
135;0.00000;0.00000;0.00000;0.00000;0.00000;0.00000;0.00000;0.00000;1.00000;1.00000;0.00000;0.00000;0.00000;1.00000;0.00000;0.00000;1.00000;0.00000;0.00000;0.98199;0.00000;0.96482;0.00000;0.12701;0.74988;0.00000;
136;0.81873;1.00000;0.00000;0.00000;0.00000;1.00000;1.00000;0.00000;0.00000;0.00000;0.00000;0.00000;0.00000;1.00000;0.00000;0.00000;1.00000;0.00000;0.00000;0.98199;0.00000;0.96482;0.00000;0.12701;0.74988;0.00000;
137;0.00000;0.00000;0.00000;0.00000;1.00000;0.00000;0.00000;0.00000;1.00000;0.00000;0.00000;0.00000;0.00000;0.00000;0.00000;0.00000;1.00000;0.00000;0.00000;0.98199;0.00000;0.96482;0.00000;0.12701;0.74988;0.00000;
138;0.00000;0.00000;0.00000;0.00000;0.00000;1.00000;0.00000;0.00000;0.00000;0.00000;0.00000;0.00000;0.00000;0.00000;0.00000;0.00000;1.00000;0.00000;0.00000;0.98199;0.00000;0.96482;0.00000;0.14802;0.77090;0.00000;
139;0.10510;1.00000;1.00000;0.00000;0.00000;0.00000;0.00000;0.00000;0.00000;0.00000;0.00000;0.00000;0.00000;0.00000;0.00000;0.00000;1.00000;0.00000;0.00000;0.98199;0.00000;0.96482;0.00000;0.14802;0.77090;0.00000;
140;0.00000;0.00000;0.00000;0.00000;0.00000;0.00000;0.00000;0.00000;1.00000;1.00000;0.00000;0.00000;0.00000;1.00000;0.00000;0.00000;1.00000;0.00000;0.00000;0.98559;0.00000;0.96482;0.00000;0.11842;0.77090;0.00000;
141;0.83396;1.00000;0.00000;0.00000;0.00000;1.00000;1.00000;0.00000;0.00000;0.00000;0.00000;0.00000;0.00000;1.00000;0.00000;0.00000;1.00000;0.00000;0.00000;0.98559;0.00000;0.96482;0.00000;0.11842;0.77090;0.00000;
142;0.00000;0.00000;0.00000;0.00000;1.00000;0.00000;0.00000;0.00000;1.00000;0.00000;0.00000;0.00000;0.00000;0.00000;0.00000;0.00000;1.00000;0.00000;0.00000;0.98559;0.00000;0.96482;0.00000;0.11842;0.77090;0.00000;
143;0.00000;0.00000;0.00000;0.00000;0.00000;1.00000;0.00000;0.00000;0.00000;0.00000;0.00000;0.00000;0.00000;0.00000;0.00000;0.00000;1.00000;0.00000;0.00000;0.98559;0.00000;0.96482;0.00000;0.13767;0.79016;0.00000;
144;0.09627;1.00000;1.00000;0.00000;0.00000;0.00000;0.00000;0.00000;0.00000;0.00000;0.00000;0.00000;0.00000;0.00000;0.00000;0.00000;1.00000;0.00000;0.00000;0.98559;0.00000;0.96482;0.00000;0.13767;0.79016;0.00000;
145;0.00000;0.00000;0.00000;0.00000;0.00000;0.00000;0.00000;0.00000;1.00000;1.00000;0.00000;0.00000;0.00000;1.00000;0.00000;0.00000;1.00000;0.00000;0.00000;0.98847;0.00000;0.96482;0.00000;0.11014;0.79016;0.00000;
146;0.84792;1.00000;0.00000;0.00000;0.00000;1.00000;1.00000;0.00000;0.00000;0.00000;0.00000;0.00000;0.00000;1.00000;0.00000;0.00000;1.00000;0.00000;0.00000;0.98847;0.00000;0.96482;0.00000;0.11014;0.79016;0.00000;
147;0.00000;0.00000;0.00000;0.00000;1.00000;0.00000;0.00000;0.00000;1.00000;0.00000;0.00000;0.00000;0.00000;0.00000;0.00000;0.00000;1.00000;0.00000;0.00000;0.98847;0.00000;0.96482;0.00000;0.11014;0.79016;0.00000;
148;0.00000;0.00000;0.00000;0.00000;0.00000;1.00000;0.00000;0.00000;0.00000;0.00000;0.00000;0.00000;0.00000;0.00000;0.00000;0.00000;1.00000;0.00000;0.00000;0.98847;0.00000;0.96482;0.00000;0.12777;0.80779;0.00000;
149;0.08818;1.00000;1.00000;0.00000;0.00000;0.00000;0.00000;0.00000;0.00000;0.00000;0.00000;0.00000;0.00000;0.00000;0.00000;0.00000;1.00000;0.00000;0.00000;0.98847;0.00000;0.96482;0.00000;0.12777;0.80779;0.00000;
150;0.00000;0.00000;0.00000;0.00000;0.00000;0.00000;0.00000;0.00000;1.00000;1.00000;0.00000;0.00000;0.00000;1.00000;0.00000;0.00000;1.00000;0.00000;0.00000;0.99078;0.00000;0.96482;0.00000;0.10222;0.80779;0.00000;
151;0.86070;1.00000;0.00000;0.00000;0.00000;1.00000;1.00000;0.00000;0.00000;0.00000;0.00000;0.00000;0.00000;1.00000;0.00000;0.00000;1.00000;0.00000;0.00000;0.99078;0.00000;0.96482;0.00000;0.10222;0.80779;0.00000;
152;0.00000;0.00000;0.00000;0.00000;1.00000;0.00000;0.00000;0.00000;1.00000;0.00000;0.00000;0.00000;0.00000;0.00000;0.00000;0.00000;1.00000;0.00000;0.00000;0.99078;0.00000;0.96482;0.00000;0.10222;0.80779;0.00000;
153;0.00000;0.00000;0.00000;0.00000;0.00000;1.00000;0.00000;0.00000;0.00000;0.00000;0.00000;0.00000;0.00000;0.00000;0.00000;0.00000;1.00000;0.00000;0.00000;0.99078;0.00000;0.96482;0.00000;0.11837;0.82394;0.00000;
154;0.08077;1.00000;1.00000;0.00000;0.00000;0.00000;0.00000;0.00000;0.00000;0.00000;0.00000;0.00000;0.00000;0.00000;0.00000;0.00000;1.00000;0.00000;0.00000;0.99078;0.00000;0.96482;0.00000;0.11837;0.82394;0.00000;
155;0.00000;0.00000;0.00000;0.00000;0.00000;0.00000;0.00000;0.00000;1.00000;1.00000;0.00000;0.00000;0.00000;1.00000;0.00000;0.00000;1.00000;0.00000;0.00000;0.99262;0.00000;0.96482;0.00000;0.09470;0.82394;0.00000;
156;0.87240;1.00000;0.00000;0.00000;0.00000;1.00000;1.00000;0.00000;0.00000;0.00000;0.00000;0.00000;0.00000;1.00000;0.00000;0.00000;1.00000;0.00000;0.00000;0.99262;0.00000;0.96482;0.00000;0.09470;0.82394;0.00000;
157;0.00000;0.00000;0.00000;0.00000;1.00000;0.00000;0.00000;0.00000;1.00000;0.00000;0.00000;0.00000;0.00000;0.00000;0.00000;0.00000;1.00000;0.00000;0.00000;0.99262;0.00000;0.96482;0.00000;0.09470;0.82394;0.00000;
158;0.00000;0.00000;0.00000;0.00000;0.00000;1.00000;0.00000;0.00000;0.00000;0.00000;0.00000;0.00000;0.00000;0.00000;0.00000;0.00000;1.00000;0.00000;0.00000;0.99262;0.00000;0.96482;0.00000;0.10949;0.83874;0.00000;
159;0.07398;1.00000;1.00000;0.00000;0.00000;0.00000;0.00000;0.00000;0.00000;0.00000;0.00000;0.00000;0.00000;0.00000;0.00000;0.00000;1.00000;0.00000;0.00000;0.99262;0.00000;0.96482;0.00000;0.10949;0.83874;0.00000;
160;0.00000;0.00000;0.00000;0.00000;0.00000;0.00000;0.00000;0.00000;1.00000;1.00000;0.00000;0.00000;0.00000;1.00000;0.00000;0.00000;1.00000;0.00000;0.00000;0.99410;0.00000;0.96482;0.00000;0.08759;0.83874;0.00000;
161;0.88313;1.00000;0.00000;0.00000;0.00000;1.00000;1.00000;0.00000;0.00000;0.00000;0.00000;0.00000;0.00000;1.00000;0.00000;0.00000;1.00000;0.00000;0.00000;0.99410;0.00000;0.96482;0.00000;0.08759;0.83874;0.00000;
162;0.00000;0.00000;0.00000;0.00000;1.00000;0.00000;0.00000;0.00000;1.00000;0.00000;0.00000;0.00000;0.00000;0.00000;0.00000;0.00000;1.00000;0.00000;0.00000;0.99410;0.00000;0.96482;0.00000;0.08759;0.83874;0.00000;
163;0.00000;0.00000;0.00000;0.00000;0.00000;1.00000;0.00000;0.00000;0.00000;0.00000;0.00000;0.00000;0.00000;0.00000;0.00000;0.00000;1.00000;0.00000;0.00000;0.99410;0.00000;0.96482;0.00000;0.10115;0.85229;0.00000;
164;0.06776;1.00000;1.00000;0.00000;0.00000;0.00000;0.00000;0.00000;0.00000;0.00000;0.00000;0.00000;0.00000;0.00000;0.00000;0.00000;1.00000;0.00000;0.00000;0.99410;0.00000;0.96482;0.00000;0.10115;0.85229;0.00000;
165;0.00000;0.00000;0.00000;0.00000;0.00000;0.00000;0.00000;0.00000;1.00000;1.00000;0.00000;0.00000;0.00000;1.00000;0.00000;0.00000;1.00000;0.00000;0.00000;0.99528;0.00000;0.96482;0.00000;0.08092;0.85229;0.00000;
166;0.89295;1.00000;0.00000;0.00000;0.00000;1.00000;1.00000;0.00000;0.00000;0.00000;0.00000;0.00000;0.00000;1.00000;0.00000;0.00000;1.00000;0.00000;0.00000;0.99528;0.00000;0.96482;0.00000;0.08092;0.85229;0.00000;
167;0.00000;0.00000;0.00000;0.00000;1.00000;0.00000;0.00000;0.00000;1.00000;0.00000;0.00000;0.00000;0.00000;0.00000;0.00000;0.00000;1.00000;0.00000;0.00000;0.99528;0.00000;0.96482;0.00000;0.08092;0.85229;0.00000;
168;0.00000;0.00000;0.00000;0.00000;0.00000;1.00000;0.00000;0.00000;0.00000;0.00000;0.00000;0.00000;0.00000;0.00000;0.00000;0.00000;1.00000;0.00000;0.00000;0.99528;0.00000;0.96482;0.00000;0.09333;0.86471;0.00000;
169;0.06207;1.00000;1.00000;0.00000;0.00000;0.00000;0.00000;0.00000;0.00000;0.00000;0.00000;0.00000;0.00000;0.00000;0.00000;0.00000;1.00000;0.00000;0.00000;0.99528;0.00000;0.96482;0.00000;0.09333;0.86471;0.00000;
170;0.00000;0.00000;0.00000;0.00000;0.00000;0.00000;0.00000;0.00000;1.00000;1.00000;0.00000;0.00000;0.00000;1.00000;0.00000;0.00000;1.00000;0.00000;0.00000;0.99622;0.00000;0.96482;0.00000;0.07466;0.86471;0.00000;
171;0.90195;1.00000;0.00000;0.00000;0.00000;1.00000;1.00000;0.00000;0.00000;0.00000;0.00000;0.00000;0.00000;1.00000;0.00000;0.00000;1.00000;0.00000;0.00000;0.99622;0.00000;0.96482;0.00000;0.07466;0.86471;0.00000;
172;0.00000;0.00000;0.00000;0.00000;1.00000;0.00000;0.00000;0.00000;1.00000;0.00000;0.00000;0.00000;0.00000;0.00000;0.00000;0.00000;1.00000;0.00000;0.00000;0.99622;0.00000;0.96482;0.00000;0.07466;0.86471;0.00000;
173;0.00000;0.00000;0.00000;0.00000;0.00000;1.00000;0.00000;0.00000;0.00000;0.00000;0.00000;0.00000;0.00000;0.00000;0.00000;0.00000;1.00000;0.00000;0.00000;0.99622;0.00000;0.96482;0.00000;0.08603;0.87608;0.00000;
174;0.05685;1.00000;1.00000;0.00000;0.00000;0.00000;0.00000;0.00000;0.00000;0.00000;0.00000;0.00000;0.00000;0.00000;0.00000;0.00000;1.00000;0.00000;0.00000;0.99622;0.00000;0.96482;0.00000;0.08603;0.87608;0.00000;
175;0.00000;0.00000;0.00000;0.00000;0.00000;0.00000;0.00000;0.00000;1.00000;1.00000;0.00000;0.00000;0.00000;1.00000;0.00000;0.00000;1.00000;0.00000;0.00000;0.99698;0.00000;0.96482;0.00000;0.06883;0.87608;0.00000;
176;0.91019;1.00000;0.00000;0.00000;0.00000;1.00000;1.00000;0.00000;0.00000;0.00000;0.00000;0.00000;0.00000;1.00000;0.00000;0.00000;1.00000;0.00000;0.00000;0.99698;0.00000;0.96482;0.00000;0.06883;0.87608;0.00000;
177;0.00000;0.00000;0.00000;0.00000;1.00000;0.00000;0.00000;0.00000;1.00000;0.00000;0.00000;0.00000;0.00000;0.00000;0.00000;0.00000;1.00000;0.00000;0.00000;0.99698;0.00000;0.96482;0.00000;0.06883;0.87608;0.00000;
178;0.00000;0.00000;0.00000;0.00000;0.00000;1.00000;0.00000;0.00000;0.00000;0.00000;0.00000;0.00000;0.00000;0.00000;0.00000;0.00000;1.00000;0.00000;0.00000;0.99698;0.00000;0.96482;0.00000;0.07924;0.88649;0.00000;
179;0.05207;1.00000;1.00000;0.00000;0.00000;0.00000;0.00000;0.00000;0.00000;0.00000;0.00000;0.00000;0.00000;0.00000;0.00000;0.00000;1.00000;0.00000;0.00000;0.99698;0.00000;0.96482;0.00000;0.07924;0.88649;0.00000;
180;0.00000;0.00000;0.00000;0.00000;0.00000;0.00000;0.00000;0.00000;1.00000;1.00000;0.00000;0.00000;0.00000;1.00000;0.00000;0.00000;1.00000;0.00000;0.00000;0.99758;0.00000;0.96482;0.00000;0.06339;0.88649;0.00000;
181;0.91774;1.00000;0.00000;0.00000;0.00000;1.00000;1.00000;0.00000;0.00000;0.00000;0.00000;0.00000;0.00000;1.00000;0.00000;0.00000;1.00000;0.00000;0.00000;0.99758;0.00000;0.96482;0.00000;0.06339;0.88649;0.00000;
182;0.00000;0.00000;0.00000;0.00000;1.00000;0.00000;0.00000;0.00000;1.00000;0.00000;0.00000;0.00000;0.00000;0.00000;0.00000;0.00000;1.00000;0.00000;0.00000;0.99758;0.00000;0.96482;0.00000;0.06339;0.88649;0.00000;
183;0.00000;0.00000;0.00000;0.00000;0.00000;1.00000;0.00000;0.00000;0.00000;0.00000;0.00000;0.00000;0.00000;0.00000;0.00000;0.00000;1.00000;0.00000;0.00000;0.99758;0.00000;0.96482;0.00000;0.07293;0.89603;0.00000;
184;0.04770;1.00000;1.00000;0.00000;0.00000;0.00000;0.00000;0.00000;0.00000;0.00000;0.00000;0.00000;0.00000;0.00000;0.00000;0.00000;1.00000;0.00000;0.00000;0.99758;0.00000;0.96482;0.00000;0.07293;0.89603;0.00000;
185;0.00000;0.00000;0.00000;0.00000;0.00000;0.00000;0.00000;0.00000;1.00000;1.00000;0.00000;0.00000;0.00000;1.00000;0.00000;0.00000;1.00000;0.00000;0.00000;0.99807;0.00000;0.96482;0.00000;0.05835;0.89603;0.00000;
186;0.92465;1.00000;0.00000;0.00000;0.00000;1.00000;1.00000;0.00000;0.00000;0.00000;0.00000;0.00000;0.00000;1.00000;0.00000;0.00000;1.00000;0.00000;0.00000;0.99807;0.00000;0.96482;0.00000;0.05835;0.89603;0.00000;
187;0.00000;0.00000;0.00000;0.00000;1.00000;0.00000;0.00000;0.00000;1.00000;0.00000;0.00000;0.00000;0.00000;0.00000;0.00000;0.00000;1.00000;0.00000;0.00000;0.99807;0.00000;0.96482;0.00000;0.05835;0.89603;0.00000;
188;0.00000;0.00000;0.00000;0.00000;0.00000;1.00000;0.00000;0.00000;0.00000;0.00000;0.00000;0.00000;0.00000;0.00000;0.00000;0.00000;1.00000;0.00000;0.00000;0.99807;0.00000;0.96482;0.00000;0.06708;0.90477;0.00000;
189;0.04369;1.00000;1.00000;0.00000;0.00000;0.00000;0.00000;0.00000;0.00000;0.00000;0.00000;0.00000;0.00000;0.00000;0.00000;0.00000;1.00000;0.00000;0.00000;0.99807;0.00000;0.96482;0.00000;0.06708;0.90477;0.00000;
190;0.00000;0.00000;0.00000;0.00000;0.00000;0.00000;0.00000;0.00000;1.00000;1.00000;0.00000;0.00000;0.00000;1.00000;0.00000;0.00000;1.00000;0.00000;0.00000;0.99845;0.00000;0.96482;0.00000;0.05367;0.90477;0.00000;
191;0.93098;1.00000;0.00000;0.00000;0.00000;1.00000;1.00000;0.00000;0.00000;0.00000;0.00000;0.00000;0.00000;1.00000;0.00000;0.00000;1.00000;0.00000;0.00000;0.99845;0.00000;0.96482;0.00000;0.05367;0.90477;0.00000;
192;0.00000;0.00000;0.00000;0.00000;1.00000;0.00000;0.00000;0.00000;1.00000;0.00000;0.00000;0.00000;0.00000;0.00000;0.00000;0.00000;1.00000;0.00000;0.00000;0.99845;0.00000;0.96482;0.00000;0.05367;0.90477;0.00000;
193;0.00000;0.00000;0.00000;0.00000;0.00000;1.00000;0.00000;0.00000;0.00000;0.00000;0.00000;0.00000;0.00000;0.00000;0.00000;0.00000;1.00000;0.00000;0.00000;0.99845;0.00000;0.96482;0.00000;0.06167;0.91277;0.00000;
194;0.04002;1.00000;1.00000;0.00000;0.00000;0.00000;0.00000;0.00000;0.00000;0.00000;0.00000;0.00000;0.00000;0.00000;0.00000;0.00000;1.00000;0.00000;0.00000;0.99845;0.00000;0.96482;0.00000;0.06167;0.91277;0.00000;
195;0.00000;0.00000;0.00000;0.00000;0.00000;0.00000;0.00000;0.00000;1.00000;1.00000;0.00000;0.00000;0.00000;1.00000;0.00000;0.00000;1.00000;0.00000;0.00000;0.99876;0.00000;0.96482;0.00000;0.04934;0.91277;0.00000;
196;0.93678;0.00000;0.00000;0.00000;0.00000;1.00000;1.00000;0.00000;0.00000;0.00000;0.00000;0.00000;0.00000;1.00000;0.00000;0.00000;1.00000;0.00000;0.00000;0.99876;0.00000;0.96482;0.00000;0.04934;0.91277;0.00000;
197;0.00000;0.00000;1.00000;0.00000;0.00000;0.00000;0.00000;0.00000;0.00000;0.00000;0.00000;0.00000;0.00000;1.00000;0.00000;0.00000;1.00000;0.00000;0.00000;0.99876;0.00000;0.96482;0.00000;0.04934;0.91277;0.00000;
198;0.00000;0.00000;0.00000;0.00000;0.00000;0.00000;0.00000;0.00000;0.00000;1.00000;0.00000;1.00000;0.00000;0.00000;0.00000;0.00000;1.00000;0.00000;0.00000;0.99876;0.00000;0.96482;0.00000;0.05667;0.92010;0.00000;
199;0.03665;0.00000;0.00000;0.00000;0.00000;0.00000;1.00000;0.00000;0.00000;0.00000;0.00000;1.00000;0.00000;0.00000;0.00000;0.00000;1.00000;0.00000;0.00000;0.99876;0.00000;0.96482;0.00000;0.05667;0.92010;0.00000;
200;0.00000;0.00000;1.00000;0.00000;0.00000;0.00000;0.00000;0.00000;0.00000;0.00000;0.00000;1.00000;0.00000;0.00000;0.00000;0.00000;1.00000;0.00000;0.00000;0.99876;0.00000;0.96482;0.00000;0.05667;0.92010;0.00000;
201;0.00000;0.00000;0.00000;0.00000;0.00000;0.00000;0.00000;0.00000;0.00000;1.00000;0.00000;0.00000;0.00000;0.00000;0.00000;0.00000;1.00000;0.00000;0.00000;0.99876;0.00000;0.96482;0.00000;0.05667;0.92010;0.00000;
202;0.00000;0.00000;0.00000;0.00000;0.00000;0.00000;1.00000;0.00000;0.00000;0.00000;0.00000;0.00000;0.00000;0.00000;0.00000;0.00000;1.00000;0.00000;0.00000;0.99876;0.00000;0.96482;0.00000;0.05667;0.92010;0.00000;
203;0.00000;0.00000;1.00000;0.00000;0.00000;0.00000;0.00000;0.00000;0.00000;0.00000;0.00000;0.00000;0.00000;0.00000;0.00000;0.00000;1.00000;0.00000;0.00000;0.99876;0.00000;0.96482;0.00000;0.05667;0.92010;0.00000;
204;0.00000;0.00000;0.00000;0.00000;0.00000;0.00000;0.00000;0.00000;0.00000;1.00000;0.00000;0.00000;0.00000;0.00000;0.00000;0.00000;1.00000;0.00000;0.00000;0.99876;0.00000;0.96482;0.00000;0.05667;0.92010;0.00000;
205;0.00000;0.00000;0.00000;0.00000;0.00000;0.00000;1.00000;0.00000;0.00000;0.00000;0.00000;0.00000;0.00000;0.00000;0.00000;0.00000;1.00000;0.00000;0.00000;0.99876;0.00000;0.96482;0.00000;0.05667;0.92010;0.00000;
206;0.00000;0.00000;1.00000;0.00000;0.00000;0.00000;0.00000;0.00000;0.00000;0.00000;0.00000;0.00000;0.00000;0.00000;0.00000;0.00000;1.00000;0.00000;0.00000;0.99876;0.00000;0.96482;0.00000;0.05667;0.92010;0.00000;
207;0.00000;0.00000;0.00000;0.00000;0.00000;0.00000;0.00000;0.00000;0.00000;1.00000;0.00000;0.00000;0.00000;0.00000;0.00000;0.00000;1.00000;0.00000;0.00000;0.99876;0.00000;0.96482;0.00000;0.05667;0.92010;0.00000;
208;0.00000;0.00000;0.00000;0.00000;0.00000;0.00000;1.00000;0.00000;0.00000;0.00000;0.00000;0.00000;0.00000;0.00000;0.00000;0.00000;1.00000;0.00000;0.00000;0.99876;0.00000;0.96482;0.00000;0.05667;0.92010;0.00000;
209;0.00000;0.00000;1.00000;0.00000;0.00000;0.00000;0.00000;0.00000;0.00000;0.00000;0.00000;0.00000;0.00000;0.00000;0.00000;0.00000;1.00000;0.00000;0.00000;0.99876;0.00000;0.96482;0.00000;0.05667;0.92010;0.00000;
210;0.00000;0.00000;0.00000;0.00000;0.00000;0.00000;0.00000;0.00000;0.00000;1.00000;0.00000;0.00000;0.00000;0.00000;0.00000;0.00000;1.00000;0.00000;0.00000;0.99876;0.00000;0.96482;0.00000;0.05667;0.92010;0.00000;
211;0.00000;0.00000;0.00000;0.00000;0.00000;0.00000;1.00000;0.00000;0.00000;0.00000;0.00000;0.00000;0.00000;0.00000;0.00000;0.00000;1.00000;0.00000;0.00000;0.99876;0.00000;0.96482;0.00000;0.05667;0.92010;0.00000;
212;0.00000;0.00000;1.00000;0.00000;0.00000;0.00000;0.00000;0.00000;0.00000;0.00000;0.00000;0.00000;0.00000;0.00000;0.00000;0.00000;1.00000;0.00000;0.00000;0.99876;0.00000;0.96482;0.00000;0.05667;0.92010;0.00000;
213;0.00000;0.00000;0.00000;0.00000;0.00000;0.00000;0.00000;0.00000;0.00000;1.00000;0.00000;0.00000;0.00000;0.00000;0.00000;0.00000;1.00000;0.00000;0.00000;0.99876;0.00000;0.96482;0.00000;0.05667;0.92010;0.00000;
214;0.00000;0.00000;0.00000;0.00000;0.00000;0.00000;1.00000;0.00000;0.00000;0.00000;0.00000;0.00000;0.00000;0.00000;0.00000;0.00000;1.00000;0.00000;0.00000;0.99876;0.00000;0.96482;0.00000;0.05667;0.92010;0.00000;
215;0.00000;0.00000;1.00000;0.00000;0.00000;0.00000;0.00000;0.00000;0.00000;0.00000;0.00000;0.00000;0.00000;0.00000;0.00000;0.00000;1.00000;0.00000;0.00000;0.99876;0.00000;0.96482;0.00000;0.05667;0.92010;0.00000;
216;0.00000;0.00000;0.00000;0.00000;0.00000;0.00000;0.00000;0.00000;0.00000;1.00000;0.00000;0.00000;0.00000;0.00000;0.00000;0.00000;1.00000;0.00000;0.00000;0.99876;0.00000;0.96482;0.00000;0.05667;0.92010;0.00000;
217;0.00000;0.00000;0.00000;0.00000;0.00000;0.00000;1.00000;0.00000;0.00000;0.00000;0.00000;0.00000;0.00000;0.00000;0.00000;0.00000;1.00000;0.00000;0.00000;0.99876;0.00000;0.96482;0.00000;0.05667;0.92010;0.00000;
218;0.00000;0.00000;1.00000;0.00000;0.00000;0.00000;0.00000;0.00000;0.00000;0.00000;0.00000;0.00000;0.00000;0.00000;0.00000;0.00000;1.00000;0.00000;0.00000;0.99876;0.00000;0.96482;0.00000;0.05667;0.92010;0.00000;
219;0.00000;0.00000;0.00000;0.00000;0.00000;0.00000;0.00000;0.00000;0.00000;1.00000;0.00000;0.00000;0.00000;0.00000;0.00000;0.00000;1.00000;0.00000;0.00000;0.99876;0.00000;0.96482;0.00000;0.05667;0.92010;0.00000;
220;0.00000;0.00000;0.00000;0.00000;0.00000;0.00000;1.00000;0.00000;0.00000;0.00000;0.00000;0.00000;0.00000;0.00000;0.00000;0.00000;1.00000;0.00000;0.00000;0.99876;0.00000;0.96482;0.00000;0.05667;0.92010;0.00000;
221;0.00000;0.00000;1.00000;0.00000;0.00000;0.00000;0.00000;0.00000;0.00000;0.00000;0.00000;0.00000;0.00000;0.00000;0.00000;0.00000;1.00000;0.00000;0.00000;0.99876;0.00000;0.96482;0.00000;0.05667;0.92010;0.00000;
222;0.00000;0.00000;0.00000;0.00000;0.00000;0.00000;0.00000;0.00000;0.00000;1.00000;0.00000;0.00000;0.00000;0.00000;0.00000;0.00000;1.00000;0.00000;0.00000;0.99876;0.00000;0.96482;0.00000;0.05667;0.92010;0.00000;
223;0.00000;0.00000;0.00000;0.00000;0.00000;0.00000;1.00000;0.00000;0.00000;0.00000;0.00000;0.00000;0.00000;0.00000;0.00000;0.00000;1.00000;0.00000;0.00000;0.99876;0.00000;0.96482;0.00000;0.05667;0.92010;0.00000;
224;0.00000;0.00000;1.00000;0.00000;0.00000;0.00000;0.00000;0.00000;0.00000;0.00000;0.00000;0.00000;0.00000;0.00000;0.00000;0.00000;1.00000;0.00000;0.00000;0.99876;0.00000;0.96482;0.00000;0.05667;0.92010;0.00000;
225;0.00000;0.00000;0.00000;0.00000;0.00000;0.00000;0.00000;0.00000;0.00000;1.00000;0.00000;0.00000;0.00000;0.00000;0.00000;0.00000;1.00000;0.00000;0.00000;0.99876;0.00000;0.96482;0.00000;0.05667;0.92010;0.00000;
226;0.00000;0.00000;0.00000;0.00000;0.00000;0.00000;1.00000;0.00000;0.00000;0.00000;0.00000;0.00000;0.00000;0.00000;0.00000;0.00000;1.00000;0.00000;0.00000;0.99876;0.00000;0.96482;0.00000;0.05667;0.92010;0.00000;
227;0.00000;0.00000;1.00000;0.00000;0.00000;0.00000;0.00000;0.00000;0.00000;0.00000;0.00000;0.00000;0.00000;0.00000;0.00000;0.00000;1.00000;0.00000;0.00000;0.99876;0.00000;0.96482;0.00000;0.05667;0.92010;0.00000;
228;0.00000;0.00000;0.00000;0.00000;0.00000;0.00000;0.00000;0.00000;0.00000;1.00000;0.00000;0.00000;0.00000;0.00000;0.00000;0.00000;1.00000;0.00000;0.00000;0.99876;0.00000;0.96482;0.00000;0.05667;0.92010;0.00000;
229;0.00000;0.00000;0.00000;0.00000;0.00000;0.00000;1.00000;0.00000;0.00000;0.00000;0.00000;0.00000;0.00000;0.00000;0.00000;0.00000;1.00000;0.00000;0.00000;0.99876;0.00000;0.96482;0.00000;0.05667;0.92010;0.00000;
230;0.00000;0.00000;1.00000;1.00000;0.00000;0.00000;0.00000;0.00000;0.00000;0.00000;0.00000;0.00000;0.00000;0.00000;0.00000;0.00000;1.00000;0.00000;0.00000;0.99876;0.00000;0.96482;0.00000;0.05667;0.92010;0.00000;
231;0.00000;0.00000;0.00000;0.00000;0.00000;0.00000;0.00000;0.00000;0.00000;1.00000;1.00000;0.00000;0.00000;0.00000;0.00000;0.00000;1.00000;0.00000;0.00000;0.99876;0.00000;0.96482;0.00000;0.05667;0.92010;0.00000;
232;0.00000;0.00000;1.00000;1.00000;0.00000;0.00000;1.00000;1.00000;0.00000;0.00000;0.00000;0.00000;0.00000;0.00000;0.00000;0.00000;1.00000;0.00000;0.00000;0.99876;0.00000;0.96482;0.00000;0.05667;0.92010;0.00000;
233;0.00000;0.00000;0.00000;0.00000;0.00000;0.00000;0.00000;0.00000;0.00000;1.00000;1.00000;0.00000;0.00000;0.00000;0.00000;0.00000;1.00000;0.00000;0.00000;0.99876;0.00000;0.96482;0.00000;0.05667;0.92010;0.00000;
234;0.00000;0.00000;1.00000;1.00000;0.00000;0.00000;1.00000;1.00000;0.00000;0.00000;0.00000;0.00000;0.00000;0.00000;0.00000;0.00000;1.00000;0.00000;0.00000;0.99876;0.00000;0.96482;0.00000;0.05667;0.92905;0.00894;
235;0.04471;0.00000;0.00000;0.00000;0.00000;0.00000;0.00000;0.00000;0.00000;1.00000;1.00000;0.00000;0.00000;0.00000;0.00000;0.00000;1.00000;0.00000;0.00000;0.99876;0.00000;0.96482;0.00000;0.05667;0.92905;0.00894;
236;0.00000;0.00000;1.00000;1.00000;0.00000;0.00000;1.00000;1.00000;0.00000;0.00000;0.00000;0.00000;0.00000;0.00000;0.00000;0.00000;1.00000;0.00000;0.00000;0.99876;0.00000;0.96482;0.00000;0.05667;0.93441;0.01431;
237;0.02683;0.00000;0.00000;0.00000;0.00000;0.00000;0.00000;0.00000;0.00000;1.00000;1.00000;0.00000;0.00000;0.00000;0.00000;0.00000;1.00000;0.00000;0.00000;0.99876;0.00000;0.96482;0.00000;0.05667;0.93441;0.01431;
238;0.00000;0.00000;1.00000;1.00000;0.00000;0.00000;1.00000;1.00000;0.00000;0.00000;0.00000;0.00000;0.00000;0.00000;0.00000;0.00000;1.00000;0.00000;0.00000;0.99876;0.00000;0.96482;0.00000;0.05667;0.93763;0.01753;
239;0.01610;0.00000;0.00000;0.00000;0.00000;0.00000;0.00000;0.00000;0.00000;1.00000;1.00000;0.00000;0.00000;0.00000;0.00000;0.00000;1.00000;0.00000;0.00000;0.99876;0.00000;0.96482;0.00000;0.05667;0.93763;0.01753;
240;0.00000;0.00000;1.00000;1.00000;0.00000;0.00000;1.00000;1.00000;0.00000;0.00000;0.00000;0.00000;0.00000;0.00000;0.00000;0.00000;1.00000;0.00000;0.00000;0.99876;0.00000;0.96482;0.00000;0.05667;0.93956;0.01946;
241;0.00966;0.00000;0.00000;0.00000;0.00000;0.00000;0.00000;0.00000;0.00000;1.00000;1.00000;0.00000;0.00000;0.00000;0.00000;0.00000;1.00000;0.00000;0.00000;0.99876;0.00000;0.96482;0.00000;0.05667;0.93956;0.01946;
242;0.00000;0.00000;1.00000;1.00000;0.00000;0.00000;1.00000;1.00000;0.00000;0.00000;0.00000;0.00000;0.00000;0.00000;0.00000;0.00000;1.00000;0.00000;0.00000;0.99876;0.00000;0.96482;0.00000;0.05667;0.94072;0.02062;
243;0.00579;0.00000;0.00000;0.00000;0.00000;0.00000;0.00000;0.00000;0.00000;1.00000;1.00000;0.00000;0.00000;0.00000;0.00000;0.00000;1.00000;0.00000;0.00000;0.99876;0.00000;0.96482;0.00000;0.05667;0.94072;0.02062;
244;0.00000;0.00000;1.00000;1.00000;0.00000;0.00000;1.00000;1.00000;0.00000;0.00000;0.00000;0.00000;0.00000;0.00000;0.00000;0.00000;1.00000;0.00000;0.00000;0.99876;0.00000;0.96482;0.00000;0.05667;0.94142;0.02131;
245;0.00348;0.00000;0.00000;0.00000;0.00000;0.00000;0.00000;0.00000;0.00000;1.00000;1.00000;0.00000;0.00000;0.00000;0.00000;0.00000;1.00000;0.00000;0.00000;0.99876;0.00000;0.96482;0.00000;0.05667;0.94142;0.02131;
246;0.00000;0.00000;1.00000;1.00000;0.00000;0.00000;1.00000;1.00000;0.00000;0.00000;0.00000;0.00000;0.00000;0.00000;0.00000;0.00000;1.00000;0.00000;0.00000;0.99876;0.00000;0.96482;0.00000;0.05667;0.94183;0.02173;
247;0.00209;0.00000;0.00000;0.00000;0.00000;0.00000;0.00000;0.00000;0.00000;1.00000;1.00000;0.00000;0.00000;0.00000;0.00000;0.00000;1.00000;0.00000;0.00000;0.99876;0.00000;0.96482;0.00000;0.05667;0.94183;0.02173;
248;0.00000;0.00000;1.00000;1.00000;0.00000;0.00000;1.00000;1.00000;0.00000;0.00000;0.00000;0.00000;0.00000;0.00000;0.00000;0.00000;1.00000;0.00000;0.00000;0.99876;0.00000;0.96482;0.00000;0.05667;0.94208;0.02198;
249;0.00125;0.00000;0.00000;0.00000;0.00000;0.00000;0.00000;0.00000;0.00000;1.00000;1.00000;0.00000;0.00000;0.00000;0.00000;0.00000;1.00000;0.00000;0.00000;0.99876;0.00000;0.96482;0.00000;0.05667;0.94208;0.02198;
250;0.00000;0.00000;0.00000;1.00000;0.00000;0.00000;1.00000;1.00000;0.00000;0.00000;0.00000;0.00000;0.00000;0.00000;0.00000;0.00000;1.00000;0.00000;0.00000;0.99876;0.00000;0.96482;0.00000;0.05667;0.94223;0.02213;
251;0.00075;0.00000;0.00000;0.00000;0.00000;0.00000;0.00000;0.00000;0.00000;0.00000;1.00000;0.00000;0.00000;0.00000;0.00000;0.00000;1.00000;0.00000;0.00000;0.99876;0.00000;0.96482;0.00000;0.05667;0.94223;0.02213;
252;0.00000;0.00000;0.00000;1.00000;0.00000;0.00000;0.00000;1.00000;0.00000;0.00000;0.00000;0.00000;0.00000;0.00000;0.00000;0.00000;1.00000;0.00000;0.00000;0.99876;0.00000;0.96482;0.00000;0.05667;0.94232;0.02222;
253;0.00045;0.00000;0.00000;0.00000;0.00000;0.00000;0.00000;0.00000;0.00000;0.00000;1.00000;0.00000;0.00000;0.00000;0.00000;0.00000;1.00000;0.00000;0.00000;0.99876;0.00000;0.96482;0.00000;0.05667;0.94232;0.02222;
254;0.00000;0.00000;0.00000;1.00000;0.00000;0.00000;0.00000;1.00000;0.00000;0.00000;0.00000;0.00000;0.00000;0.00000;0.00000;0.00000;1.00000;0.00000;0.00000;0.99876;0.00000;0.96482;0.00000;0.05667;0.94232;0.21074;
255;0.94259;0.00000;0.00000;0.00000;0.00000;0.00000;0.00000;0.00000;0.00000;0.00000;1.00000;0.00000;0.00000;0.00000;0.00000;0.00000;1.00000;0.00000;0.00000;0.99876;0.00000;0.96482;0.00000;0.05667;0.94232;0.21074;
256;0.00000;0.00000;0.00000;1.00000;0.00000;0.00000;0.00000;1.00000;0.00000;0.00000;0.00000;0.00000;0.00000;0.00000;0.00000;0.00000;1.00000;0.00000;0.00000;0.99876;0.00000;0.96482;0.00000;0.05667;0.94232;0.36156;
257;0.75408;0.00000;0.00000;0.00000;0.00000;0.00000;0.00000;0.00000;0.00000;0.00000;1.00000;0.00000;0.00000;0.00000;0.00000;0.00000;1.00000;0.00000;0.00000;0.99876;0.00000;0.96482;0.00000;0.05667;0.94232;0.36156;
258;0.00000;0.00000;0.00000;1.00000;0.00000;0.00000;0.00000;1.00000;0.00000;0.00000;0.00000;0.00000;0.00000;0.00000;0.00000;0.00000;1.00000;0.00000;0.00000;0.99876;0.00000;0.96482;0.00000;0.05667;0.94232;0.48221;
259;0.60326;0.00000;0.00000;0.00000;0.00000;0.00000;0.00000;0.00000;0.00000;0.00000;1.00000;0.00000;0.00000;0.00000;0.00000;0.00000;1.00000;0.00000;0.00000;0.99876;0.00000;0.96482;0.00000;0.05667;0.94232;0.48221;
260;0.00000;0.00000;0.00000;1.00000;0.00000;0.00000;0.00000;1.00000;0.00000;0.00000;0.00000;0.00000;0.00000;0.00000;0.00000;0.00000;1.00000;0.00000;0.00000;0.99876;0.00000;0.96482;0.00000;0.05667;0.94232;0.57873;
261;0.48261;0.00000;0.00000;0.00000;0.00000;0.00000;0.00000;0.00000;0.00000;0.00000;1.00000;0.00000;0.00000;0.00000;0.00000;0.00000;1.00000;0.00000;0.00000;0.99876;0.00000;0.96482;0.00000;0.05667;0.94232;0.57873;
262;0.00000;0.00000;0.00000;1.00000;0.00000;0.00000;0.00000;1.00000;0.00000;0.00000;0.00000;0.00000;0.00000;0.00000;0.00000;0.00000;1.00000;0.00000;0.00000;0.99876;0.00000;0.96482;0.00000;0.05667;0.94232;0.65595;
263;0.38609;0.00000;0.00000;0.00000;0.00000;0.00000;0.00000;0.00000;0.00000;0.00000;1.00000;0.00000;0.00000;0.00000;0.00000;0.00000;1.00000;0.00000;0.00000;0.99876;0.00000;0.96482;0.00000;0.05667;0.94232;0.65595;
264;0.00000;0.00000;0.00000;1.00000;0.00000;0.00000;0.00000;1.00000;0.00000;0.00000;0.00000;0.00000;0.00000;0.00000;0.00000;0.00000;1.00000;0.00000;0.00000;0.99876;0.00000;0.96482;0.00000;0.05667;0.94232;0.71772;
265;0.30887;0.00000;0.00000;0.00000;0.00000;0.00000;0.00000;0.00000;0.00000;0.00000;1.00000;0.00000;0.00000;0.00000;0.00000;0.00000;1.00000;0.00000;0.00000;0.99876;0.00000;0.96482;0.00000;0.05667;0.94232;0.71772;
266;0.00000;0.00000;0.00000;1.00000;0.00000;0.00000;0.00000;1.00000;0.00000;0.00000;0.00000;0.00000;0.00000;0.00000;0.00000;0.00000;1.00000;0.00000;0.00000;0.99876;0.00000;0.96482;0.00000;0.05667;0.94232;0.76714;
267;0.24710;0.00000;0.00000;0.00000;0.00000;0.00000;0.00000;0.00000;0.00000;0.00000;1.00000;0.00000;0.00000;0.00000;0.00000;0.00000;1.00000;0.00000;0.00000;0.99876;0.00000;0.96482;0.00000;0.05667;0.94232;0.76714;
268;0.00000;0.00000;0.00000;1.00000;0.00000;0.00000;0.00000;1.00000;0.00000;0.00000;0.00000;0.00000;0.00000;0.00000;0.00000;0.00000;1.00000;0.00000;0.00000;0.99876;0.00000;0.96482;0.00000;0.05667;0.94232;0.80667;
269;0.19768;0.00000;0.00000;0.00000;0.00000;0.00000;0.00000;0.00000;0.00000;0.00000;1.00000;0.00000;0.00000;0.00000;0.00000;0.00000;1.00000;0.00000;0.00000;0.99876;0.00000;0.96482;0.00000;0.05667;0.94232;0.80667;
270;0.00000;0.00000;0.00000;1.00000;0.00000;0.00000;0.00000;1.00000;0.00000;0.00000;0.00000;0.00000;0.00000;0.00000;0.00000;0.00000;1.00000;0.00000;0.00000;0.99876;0.00000;0.96482;0.00000;0.05667;0.94232;0.83830;
271;0.15814;0.00000;0.00000;0.00000;0.00000;0.00000;0.00000;0.00000;0.00000;0.00000;1.00000;0.00000;0.00000;0.00000;0.00000;0.00000;1.00000;0.00000;0.00000;0.99876;0.00000;0.96482;0.00000;0.05667;0.94232;0.83830;
272;0.00000;0.00000;0.00000;0.00000;0.00000;0.00000;0.00000;1.00000;0.00000;0.00000;0.00000;0.00000;0.00000;0.00000;0.00000;0.00000;1.00000;0.00000;0.00000;0.99876;0.00000;0.96482;0.00000;0.05667;0.94232;0.86361;
273;0.12651;0.00000;0.00000;0.00000;0.00000;0.00000;0.00000;0.00000;0.00000;0.00000;0.00000;0.00000;0.00000;0.00000;0.00000;0.00000;1.00000;0.00000;0.00000;0.99876;0.00000;0.96482;0.00000;0.05667;0.94232;0.86361;
274;0.00000;0.00000;0.00000;0.00000;0.00000;0.00000;0.00000;0.00000;0.00000;0.00000;0.00000;0.00000;0.00000;0.00000;0.00000;0.00000;1.00000;0.00000;0.00000;0.99876;0.00000;0.96482;0.00000;0.05667;0.94232;0.88385;
275;0.10121;0.00000;1.00000;0.00000;0.00000;0.00000;0.00000;0.00000;0.00000;0.00000;0.00000;0.00000;0.00000;0.00000;0.00000;0.00000;1.00000;0.00000;0.00000;0.99876;0.00000;0.96482;0.00000;0.05667;0.94232;0.88385;
276;0.00000;0.00000;0.00000;0.00000;1.00000;0.00000;0.00000;0.00000;0.00000;1.00000;0.00000;0.00000;0.00000;0.00000;0.00000;1.00000;0.00000;0.00000;0.00000;0.99876;0.00000;0.96482;0.00000;0.05667;0.94232;0.88385;
277;0.00000;0.00000;0.00000;0.00000;0.00000;0.00000;1.00000;0.00000;0.00000;0.00000;0.00000;0.00000;0.00000;0.00000;0.00000;1.00000;0.00000;0.00000;0.00000;0.99876;0.00000;0.96482;0.00000;0.05667;0.94232;0.88385;
278;0.00000;0.00000;1.00000;0.00000;0.00000;0.00000;0.00000;0.00000;0.00000;0.00000;0.00000;0.00000;0.00000;0.00000;0.00000;1.00000;0.00000;0.00000;0.00000;0.99876;0.00000;0.96482;0.00000;0.05667;0.94232;0.88385;
279;0.00000;0.00000;0.00000;0.00000;1.00000;0.00000;0.00000;0.00000;0.00000;1.00000;0.00000;0.00000;0.00000;0.00000;0.00000;1.00000;0.00000;0.00000;0.00000;0.99876;0.20000;0.96482;0.00000;0.05667;0.75386;0.88385;
280;0.00000;0.00000;0.00000;0.00000;0.00000;0.00000;1.00000;0.00000;0.00000;0.00000;0.00000;0.00000;0.00000;0.00000;0.00000;1.00000;0.00000;0.00000;0.00000;0.99876;0.20000;0.96482;0.00000;0.05667;0.75386;0.88385;
281;0.00000;0.00000;1.00000;0.00000;0.00000;0.00000;0.00000;0.00000;0.00000;0.00000;0.00000;0.00000;0.00000;0.00000;0.00000;1.00000;0.00000;0.00000;0.00000;0.99876;0.20000;0.96482;0.00000;0.05667;0.75386;0.88385;
282;0.00000;0.00000;0.00000;0.00000;1.00000;0.00000;0.00000;0.00000;0.00000;1.00000;0.00000;0.00000;0.00000;0.00000;0.00000;1.00000;0.00000;0.00000;0.00000;0.99876;0.36000;0.96482;0.00000;0.05667;0.60309;0.88385;
283;0.00000;0.00000;0.00000;0.00000;0.00000;0.00000;1.00000;0.00000;0.00000;0.00000;0.00000;0.00000;0.00000;0.00000;0.00000;1.00000;0.00000;0.00000;0.00000;0.99876;0.36000;0.96482;0.00000;0.05667;0.60309;0.88385;
284;0.00000;0.00000;1.00000;0.00000;0.00000;0.00000;0.00000;0.00000;0.00000;0.00000;0.00000;0.00000;0.00000;0.00000;0.00000;1.00000;0.00000;0.00000;0.00000;0.99876;0.36000;0.96482;0.00000;0.05667;0.60309;0.88385;
285;0.00000;0.00000;0.00000;0.00000;1.00000;0.00000;0.00000;0.00000;0.00000;1.00000;0.00000;0.00000;0.00000;0.00000;0.00000;1.00000;0.00000;0.00000;0.00000;0.99876;0.48800;0.96482;0.00000;0.05667;0.48247;0.88385;
286;0.00000;0.00000;0.00000;0.00000;0.00000;0.00000;1.00000;0.00000;0.00000;0.00000;0.00000;0.00000;0.00000;0.00000;0.00000;1.00000;0.00000;0.00000;0.00000;0.99876;0.48800;0.96482;0.00000;0.05667;0.48247;0.88385;
287;0.00000;0.00000;1.00000;0.00000;0.00000;0.00000;0.00000;0.00000;0.00000;0.00000;0.00000;0.00000;0.00000;0.00000;0.00000;1.00000;0.00000;0.00000;0.00000;0.99876;0.48800;0.96482;0.00000;0.05667;0.48247;0.88385;
288;0.00000;0.00000;0.00000;0.00000;1.00000;0.00000;0.00000;0.00000;0.00000;1.00000;0.00000;0.00000;0.00000;0.00000;0.00000;1.00000;0.00000;0.00000;0.00000;0.99876;0.59040;0.96482;0.00000;0.05667;0.38598;0.88385;
289;0.00553;0.00000;0.00000;0.00000;0.00000;0.00000;1.00000;0.00000;0.00000;0.00000;0.00000;0.00000;0.00000;0.00000;0.00000;1.00000;0.00000;0.00000;0.00000;0.99876;0.59040;0.96482;0.00000;0.05667;0.38598;0.88385;
290;0.00000;0.00000;1.00000;0.00000;0.00000;0.00000;0.00000;0.00000;0.00000;0.00000;0.00000;0.00000;0.00000;0.00000;0.00000;1.00000;0.00000;0.00000;0.00000;0.99876;0.59040;0.96482;0.00000;0.05667;0.38598;0.88385;
291;0.00000;0.00000;0.00000;0.00000;1.00000;0.00000;0.00000;0.00000;0.00000;1.00000;0.00000;0.00000;0.00000;0.00000;0.00000;1.00000;0.00000;0.00000;0.00000;0.99876;0.67232;0.96482;0.00000;0.05667;0.30878;0.88385;
292;0.20442;0.00000;0.00000;0.00000;0.00000;0.00000;1.00000;0.00000;0.00000;0.00000;0.00000;0.00000;0.00000;0.00000;0.00000;1.00000;0.00000;0.00000;0.00000;0.99876;0.67232;0.96482;0.00000;0.05667;0.30878;0.88385;
293;0.00000;0.00000;1.00000;0.00000;0.00000;0.00000;0.00000;0.00000;0.00000;0.00000;0.00000;0.00000;0.00000;0.00000;0.00000;1.00000;0.00000;0.00000;0.00000;0.99876;0.67232;0.96482;0.00000;0.05667;0.30878;0.88385;
294;0.00000;0.00000;0.00000;0.00000;1.00000;0.00000;0.00000;0.00000;0.00000;1.00000;0.00000;0.00000;0.00000;0.00000;0.00000;1.00000;0.00000;0.00000;0.00000;0.99876;0.73786;0.96482;0.00000;0.05667;0.24702;0.88385;
295;0.36354;0.00000;0.00000;0.00000;0.00000;0.00000;1.00000;0.00000;0.00000;0.00000;0.00000;0.00000;0.00000;0.00000;0.00000;1.00000;0.00000;0.00000;0.00000;0.99876;0.73786;0.96482;0.00000;0.05667;0.24702;0.88385;
296;0.00000;0.00000;1.00000;0.00000;0.00000;0.00000;0.00000;0.00000;0.00000;0.00000;0.00000;0.00000;0.00000;0.00000;0.00000;1.00000;0.00000;0.00000;0.00000;0.99876;0.73786;0.96482;0.00000;0.05667;0.24702;0.88385;
297;0.00000;0.00000;0.00000;0.00000;1.00000;0.00000;0.00000;0.00000;0.00000;1.00000;0.00000;0.00000;0.00000;0.00000;0.00000;1.00000;0.00000;0.00000;0.00000;0.99876;0.79028;0.96482;0.00000;0.05667;0.19762;0.88385;
298;0.49083;0.00000;0.00000;0.00000;0.00000;0.00000;1.00000;0.00000;0.00000;0.00000;0.00000;0.00000;0.00000;0.00000;0.00000;1.00000;0.00000;0.00000;0.00000;0.99876;0.79028;0.96482;0.00000;0.05667;0.19762;0.88385;
299;0.00000;0.00000;1.00000;0.00000;0.00000;0.00000;0.00000;0.00000;0.00000;0.00000;0.00000;0.00000;0.00000;0.00000;0.00000;1.00000;0.00000;0.00000;0.00000;0.99876;0.79028;0.96482;0.00000;0.05667;0.19762;0.88385;
300;0.00000;0.00000;0.00000;0.00000;1.00000;0.00000;0.00000;0.00000;0.00000;1.00000;0.00000;0.00000;0.00000;0.00000;0.00000;1.00000;0.00000;0.00000;0.00000;0.99876;0.83223;0.96482;0.00000;0.05667;0.15810;0.88385;
301;0.59267;0.00000;0.00000;0.00000;0.00000;0.00000;1.00000;0.00000;0.00000;0.00000;0.00000;0.00000;0.00000;0.00000;0.00000;1.00000;0.00000;0.00000;0.00000;0.99876;0.83223;0.96482;0.00000;0.05667;0.15810;0.88385;
302;0.00000;0.00000;1.00000;0.00000;0.00000;0.00000;0.00000;0.00000;0.00000;0.00000;0.00000;0.00000;0.00000;0.00000;0.00000;1.00000;0.00000;0.00000;0.00000;0.99876;0.83223;0.96482;0.00000;0.05667;0.15810;0.88385;
303;0.00000;0.00000;0.00000;0.00000;1.00000;0.00000;0.00000;0.00000;0.00000;1.00000;0.00000;0.00000;0.00000;0.00000;0.00000;1.00000;0.00000;0.00000;0.00000;0.99876;0.86578;0.96482;0.00000;0.05667;0.12648;0.88385;
304;0.67413;0.00000;0.00000;0.00000;0.00000;0.00000;1.00000;0.00000;0.00000;0.00000;0.00000;0.00000;0.00000;0.00000;0.00000;1.00000;0.00000;0.00000;0.00000;0.99876;0.86578;0.96482;0.00000;0.05667;0.12648;0.88385;
305;0.00000;0.00000;1.00000;0.00000;0.00000;0.00000;0.00000;0.00000;0.00000;0.00000;0.00000;0.00000;0.00000;0.00000;0.00000;1.00000;0.00000;0.00000;0.00000;0.99876;0.86578;0.96482;0.00000;0.05667;0.12648;0.88385;
306;0.00000;0.00000;0.00000;0.00000;1.00000;0.00000;0.00000;0.00000;0.00000;1.00000;0.00000;0.00000;0.00000;0.00000;0.00000;1.00000;0.00000;0.00000;0.00000;0.99876;0.89263;0.96482;0.00000;0.05667;0.10118;0.88385;
307;0.73931;0.00000;0.00000;0.00000;0.00000;0.00000;1.00000;0.00000;0.00000;0.00000;0.00000;0.00000;0.00000;0.00000;0.00000;1.00000;0.00000;0.00000;0.00000;0.99876;0.89263;0.96482;0.00000;0.05667;0.10118;0.88385;
308;0.00000;0.00000;1.00000;0.00000;0.00000;0.00000;0.00000;0.00000;0.00000;0.00000;0.00000;0.00000;0.00000;0.00000;0.00000;1.00000;0.00000;0.00000;0.00000;0.99876;0.89263;0.96482;0.00000;0.05667;0.10118;0.88385;
309;0.00000;0.00000;0.00000;0.00000;1.00000;0.00000;0.00000;0.00000;0.00000;1.00000;0.00000;0.00000;0.00000;0.00000;0.00000;1.00000;0.00000;0.00000;0.00000;0.99876;0.91410;0.96482;0.00000;0.05667;0.08095;0.88385;
310;0.79144;0.00000;0.00000;0.00000;0.00000;0.00000;1.00000;0.00000;0.00000;0.00000;0.00000;0.00000;0.00000;0.00000;0.00000;1.00000;0.00000;0.00000;0.00000;0.99876;0.91410;0.96482;0.00000;0.05667;0.08095;0.88385;
311;0.00000;0.00000;1.00000;0.00000;0.00000;0.00000;0.00000;0.00000;0.00000;0.00000;0.00000;0.00000;0.00000;0.00000;0.00000;1.00000;0.00000;0.00000;0.00000;0.99876;0.91410;0.96482;0.00000;0.05667;0.08095;0.88385;
312;0.00000;0.00000;0.00000;0.00000;1.00000;0.00000;0.00000;0.00000;0.00000;1.00000;0.00000;0.00000;0.00000;0.00000;0.00000;1.00000;0.00000;0.00000;0.00000;0.99876;0.93128;0.96482;0.00000;0.05667;0.06476;0.88385;
313;0.83316;0.00000;0.00000;0.00000;0.00000;0.00000;1.00000;0.00000;0.00000;0.00000;0.00000;0.00000;0.00000;0.00000;0.00000;1.00000;0.00000;0.00000;0.00000;0.99876;0.93128;0.96482;0.00000;0.05667;0.06476;0.88385;
314;0.00000;0.00000;1.00000;0.00000;0.00000;0.00000;0.00000;0.00000;0.00000;0.00000;0.00000;0.00000;0.00000;0.00000;0.00000;1.00000;0.00000;0.00000;0.00000;0.99876;0.93128;0.96482;0.00000;0.05667;0.06476;0.88385;
315;0.00000;0.00000;0.00000;0.00000;1.00000;0.00000;0.00000;0.00000;0.00000;1.00000;0.00000;0.00000;0.00000;0.00000;0.00000;1.00000;0.00000;0.00000;0.00000;0.99876;0.94502;0.96482;0.00000;0.05667;0.05180;0.88385;
316;0.86652;0.00000;0.00000;0.00000;0.00000;0.00000;1.00000;0.00000;0.00000;0.00000;0.00000;0.00000;0.00000;0.00000;0.00000;1.00000;0.00000;0.00000;0.00000;0.99876;0.94502;0.96482;0.00000;0.05667;0.05180;0.88385;
317;0.00000;0.00000;1.00000;0.00000;0.00000;0.00000;0.00000;0.00000;0.00000;0.00000;0.00000;0.00000;0.00000;0.00000;0.00000;1.00000;0.00000;0.00000;0.00000;0.99876;0.94502;0.96482;0.00000;0.05667;0.05180;0.88385;
318;0.00000;0.00000;0.00000;0.00000;1.00000;0.00000;0.00000;0.00000;0.00000;1.00000;0.00000;0.00000;0.00000;0.00000;0.00000;1.00000;0.00000;0.00000;0.00000;0.99876;0.95602;0.96482;0.00000;0.05667;0.04144;0.88385;
319;0.89322;0.00000;0.00000;0.00000;0.00000;0.00000;1.00000;0.00000;0.00000;0.00000;0.00000;0.00000;0.00000;0.00000;0.00000;1.00000;0.00000;0.00000;0.00000;0.99876;0.95602;0.96482;0.00000;0.05667;0.04144;0.88385;
320;0.00000;0.00000;1.00000;0.00000;0.00000;0.00000;0.00000;0.00000;0.00000;0.00000;0.00000;0.00000;0.00000;0.00000;0.00000;1.00000;0.00000;0.00000;0.00000;0.99876;0.95602;0.96482;0.00000;0.05667;0.04144;0.88385;
321;0.00000;0.00000;0.00000;0.00000;1.00000;0.00000;0.00000;0.00000;0.00000;1.00000;0.00000;0.00000;0.00000;0.00000;0.00000;1.00000;0.00000;0.00000;0.00000;0.99876;0.96482;0.96482;0.00000;0.05667;0.03316;0.88385;
322;0.91458;0.00000;0.00000;0.00000;0.00000;0.00000;1.00000;0.00000;0.00000;0.00000;0.00000;0.00000;0.00000;0.00000;0.00000;1.00000;0.00000;0.00000;0.00000;0.99876;0.96482;0.96482;0.00000;0.05667;0.03316;0.88385;
323;0.00000;0.00000;1.00000;0.00000;0.00000;0.00000;0.00000;0.00000;0.00000;0.00000;0.00000;0.00000;0.00000;0.00000;0.00000;1.00000;0.00000;0.00000;0.00000;0.99876;0.96482;0.96482;0.00000;0.05667;0.03316;0.88385;
324;0.00000;0.00000;0.00000;0.00000;1.00000;0.00000;0.00000;0.00000;0.00000;1.00000;0.00000;0.00000;0.00000;0.00000;0.00000;1.00000;0.00000;0.00000;0.00000;0.99876;0.97185;0.96482;0.00000;0.05667;0.02652;0.88385;
325;0.93166;0.00000;0.00000;0.00000;0.00000;0.00000;1.00000;0.00000;0.00000;0.00000;0.00000;0.00000;0.00000;0.00000;0.00000;1.00000;0.00000;0.00000;0.00000;0.99876;0.97185;0.96482;0.00000;0.05667;0.02652;0.88385;
326;0.00000;0.00000;1.00000;0.00000;0.00000;0.00000;0.00000;0.00000;0.00000;0.00000;0.00000;0.00000;0.00000;0.00000;0.00000;1.00000;0.00000;0.00000;0.00000;0.99876;0.97185;0.96482;0.00000;0.05667;0.02652;0.88385;
327;0.00000;0.00000;0.00000;0.00000;1.00000;0.00000;0.00000;0.00000;0.00000;1.00000;0.00000;0.00000;0.00000;0.00000;0.00000;1.00000;0.00000;0.00000;0.00000;0.99876;0.97748;0.96482;0.00000;0.05667;0.02122;0.88385;
328;0.94533;0.00000;0.00000;0.00000;0.00000;0.00000;1.00000;0.00000;0.00000;0.00000;0.00000;0.00000;0.00000;0.00000;0.00000;1.00000;0.00000;0.00000;0.00000;0.99876;0.97748;0.96482;0.00000;0.05667;0.02122;0.88385;
329;0.00000;0.00000;1.00000;0.00000;0.00000;0.00000;0.00000;0.00000;0.00000;0.00000;0.00000;0.00000;0.00000;0.00000;0.00000;1.00000;0.00000;0.00000;0.00000;0.99876;0.97748;0.96482;0.00000;0.05667;0.02122;0.88385;
330;0.00000;0.00000;0.00000;0.00000;1.00000;0.00000;0.00000;0.00000;0.00000;1.00000;0.00000;0.00000;0.00000;0.00000;0.00000;1.00000;0.00000;0.00000;0.00000;0.99876;0.98199;0.96482;0.00000;0.05667;0.01698;0.88385;
331;0.95626;0.00000;0.00000;0.00000;0.00000;0.00000;1.00000;0.00000;0.00000;0.00000;0.00000;0.00000;0.00000;0.00000;0.00000;1.00000;0.00000;0.00000;0.00000;0.99876;0.98199;0.96482;0.00000;0.05667;0.01698;0.88385;
332;0.00000;0.00000;1.00000;0.00000;0.00000;0.00000;0.00000;0.00000;0.00000;0.00000;0.00000;0.00000;0.00000;0.00000;0.00000;1.00000;0.00000;0.00000;0.00000;0.99876;0.98199;0.96482;0.00000;0.05667;0.01698;0.88385;
